"User Id","User Shop Id","User Name","Anonymous","Comment Id","Comment Date","Comment","Rating","Detail Rating","Comment Images","Comment Videos","Bought Products","Product Id","Product Url","Product Name","Product Image","Shop Id","Region","Scraped At"
"37443026","37441641","chotikaaom9","No","39562336968","2025-04-27T08:50:17.000Z","‡∏™‡∏¥‡∏ô‡∏Ñ‡πâ‡∏≤‡∏î‡∏µ‡∏°‡∏≤‡∏Å ‡∏ï‡∏£‡∏á‡∏õ‡∏Å ‡∏ï‡∏∏‡πä‡∏Å‡∏ï‡∏≤‡∏ô‡πà‡∏≤‡∏£‡∏±‡∏Å‡∏Ñ‡πà‡∏∞","5","product_quality: 5
seller_service: 5
delivery_service: 5","","","Valorant Plush - ‡∏ï‡∏∏‡πä‡∏Å‡∏ï‡∏≤ Wingman ‡∏´‡∏°‡∏µ ‡∏Å‡∏£‡∏∞‡∏ï‡πà‡∏≤‡∏¢‡πÅ‡∏•‡∏∞‡πÅ‡∏û‡∏ô‡∏Å‡∏ß‡∏¥‡πâ‡∏ô ‡∏ß‡∏¥‡∏á‡πÅ‡∏°‡∏ô Bear Rabbit Penguin ‡∏à‡∏≤‡∏Å‡πÄ‡∏Å‡∏° Valorant ‡∏•‡∏¥‡∏Ç‡∏™‡∏¥‡∏ó‡∏ò‡∏¥‡πå‡πÅ‡∏ó‡πâ 100%, (New) Wingman Spike","21790660527","https://shopee.co.th/Valorant-Plush-%E0%B8%95%E0%B8%B8%E0%B9%8A%E0%B8%81%E0%B8%95%E0%B8%B2-Wingman-%E0%B8%AB%E0%B8%A1%E0%B8%B5-%E0%B8%81%E0%B8%A3%E0%B8%B0%E0%B8%95%E0%B9%88%E0%B8%B2%E0%B8%A2%E0%B9%81%E0%B8%A5%E0%B8%B0%E0%B9%81%E0%B8%9E%E0%B8%99%E0%B8%81%E0%B8%A7%E0%B8%B4%E0%B9%89%E0%B8%99-%E0%B8%A7%E0%B8%B4%E0%B8%87%E0%B9%81%E0%B8%A1%E0%B8%99-Bear-Rabbit-Penguin-%E0%B8%88%E0%B8%B2%E0%B8%81%E0%B9%80%E0%B8%81%E0%B8%A1-Valorant-%E0%B8%A5%E0%B8%B4%E0%B8%82%E0%B8%AA%E0%B8%B4%E0%B8%97%E0%B8%98%E0%B8%B4%E0%B9%8C%E0%B9%81%E0%B8%97%E0%B9%89-100--i.19958842.21790660527","Valorant Plush - ‡∏ï‡∏∏‡πä‡∏Å‡∏ï‡∏≤ Wingman ‡∏´‡∏°‡∏µ ‡∏Å‡∏£‡∏∞‡∏ï‡πà‡∏≤‡∏¢‡πÅ‡∏•‡∏∞‡πÅ‡∏û‡∏ô‡∏Å‡∏ß‡∏¥‡πâ‡∏ô ‡∏ß‡∏¥‡∏á‡πÅ‡∏°‡∏ô Bear Rabbit Penguin ‡∏à‡∏≤‡∏Å‡πÄ‡∏Å‡∏° Valorant ‡∏•‡∏¥‡∏Ç‡∏™‡∏¥‡∏ó‡∏ò‡∏¥‡πå‡πÅ‡∏ó‡πâ 100%","https://down-bs-us.img.susercontent.com/th-11134207-7rask-m6spd8s6ooxb98.jpg","19958842","TH","2025-09-03T01:07:03.009Z"
"51220707","51219319","hathaichanok1992","No","32996094080","2025-03-15T06:07:55.000Z","‡∏Å‡∏≤‡∏£‡∏≠‡∏≠‡∏Å‡πÅ‡∏ö‡∏ö:‡∏ô‡πà‡∏≤‡∏£‡πä‡∏≤‡∏Å‡∏Å‡∏Å‡∏Å","5","product_quality: 5","https://down-bs-us.img.susercontent.com/th-11134103-7rasf-m7db9am8qoyi4d.jpg","https://down-cvs-sg.vod.susercontent.com/api/v4/11110103/mms/th-11110103-6kgco-m7db9vli1gpm80.16000051742018867.mp4","Valorant Plush - ‡∏ï‡∏∏‡πä‡∏Å‡∏ï‡∏≤ Wingman ‡∏´‡∏°‡∏µ ‡∏Å‡∏£‡∏∞‡∏ï‡πà‡∏≤‡∏¢‡πÅ‡∏•‡∏∞‡πÅ‡∏û‡∏ô‡∏Å‡∏ß‡∏¥‡πâ‡∏ô ‡∏ß‡∏¥‡∏á‡πÅ‡∏°‡∏ô Bear Rabbit Penguin ‡∏à‡∏≤‡∏Å‡πÄ‡∏Å‡∏° Valorant ‡∏•‡∏¥‡∏Ç‡∏™‡∏¥‡∏ó‡∏ò‡∏¥‡πå‡πÅ‡∏ó‡πâ 100%, (New) Wingman Spike","21790660527","https://shopee.co.th/Valorant-Plush-%E0%B8%95%E0%B8%B8%E0%B9%8A%E0%B8%81%E0%B8%95%E0%B8%B2-Wingman-%E0%B8%AB%E0%B8%A1%E0%B8%B5-%E0%B8%81%E0%B8%A3%E0%B8%B0%E0%B8%95%E0%B9%88%E0%B8%B2%E0%B8%A2%E0%B9%81%E0%B8%A5%E0%B8%B0%E0%B9%81%E0%B8%9E%E0%B8%99%E0%B8%81%E0%B8%A7%E0%B8%B4%E0%B9%89%E0%B8%99-%E0%B8%A7%E0%B8%B4%E0%B8%87%E0%B9%81%E0%B8%A1%E0%B8%99-Bear-Rabbit-Penguin-%E0%B8%88%E0%B8%B2%E0%B8%81%E0%B9%80%E0%B8%81%E0%B8%A1-Valorant-%E0%B8%A5%E0%B8%B4%E0%B8%82%E0%B8%AA%E0%B8%B4%E0%B8%97%E0%B8%98%E0%B8%B4%E0%B9%8C%E0%B9%81%E0%B8%97%E0%B9%89-100--i.19958842.21790660527","Valorant Plush - ‡∏ï‡∏∏‡πä‡∏Å‡∏ï‡∏≤ Wingman ‡∏´‡∏°‡∏µ ‡∏Å‡∏£‡∏∞‡∏ï‡πà‡∏≤‡∏¢‡πÅ‡∏•‡∏∞‡πÅ‡∏û‡∏ô‡∏Å‡∏ß‡∏¥‡πâ‡∏ô ‡∏ß‡∏¥‡∏á‡πÅ‡∏°‡∏ô Bear Rabbit Penguin ‡∏à‡∏≤‡∏Å‡πÄ‡∏Å‡∏° Valorant ‡∏•‡∏¥‡∏Ç‡∏™‡∏¥‡∏ó‡∏ò‡∏¥‡πå‡πÅ‡∏ó‡πâ 100%","https://down-bs-us.img.susercontent.com/th-11134207-7rask-m6spd8s6ooxb98.jpg","19958842","TH","2025-09-03T01:07:03.009Z"
"147851374","147849550","nikritcha","No","15008613715","2024-04-27T08:01:57.000Z","‡∏î‡∏µ‡∏á‡∏≤‡∏°‡∏Ñ‡πà‡∏∞ ‡∏™‡∏¥‡∏ô‡∏Ñ‡πâ‡∏≤‡∏°‡∏≤‡πÑ‡∏ß‡∏Å‡∏ß‡πà‡∏≤‡∏ó‡∏µ‡πà‡∏Ñ‡∏¥‡∏î ‡∏ä‡∏≠‡∏ö‡∏Ñ‡πà‡∏∞","5","product_quality: 5
seller_service: 5
delivery_service: 5","","https://down-bs-sg.vod.susercontent.com/api/v4/11110103/mms/th-11110103-6ke17-lulu897y3m1hd6.16000051714204893.mp4","Valorant Plush - ‡∏ï‡∏∏‡πä‡∏Å‡∏ï‡∏≤ Wingman ‡∏´‡∏°‡∏µ ‡∏Å‡∏£‡∏∞‡∏ï‡πà‡∏≤‡∏¢‡πÅ‡∏•‡∏∞‡πÅ‡∏û‡∏ô‡∏Å‡∏ß‡∏¥‡πâ‡∏ô ‡∏ß‡∏¥‡∏á‡πÅ‡∏°‡∏ô Bear Rabbit Penguin ‡∏à‡∏≤‡∏Å‡πÄ‡∏Å‡∏° Valorant ‡∏•‡∏¥‡∏Ç‡∏™‡∏¥‡∏ó‡∏ò‡∏¥‡πå‡πÅ‡∏ó‡πâ 100%, Wingman","21790660527","https://shopee.co.th/Valorant-Plush-%E0%B8%95%E0%B8%B8%E0%B9%8A%E0%B8%81%E0%B8%95%E0%B8%B2-Wingman-%E0%B8%AB%E0%B8%A1%E0%B8%B5-%E0%B8%81%E0%B8%A3%E0%B8%B0%E0%B8%95%E0%B9%88%E0%B8%B2%E0%B8%A2%E0%B9%81%E0%B8%A5%E0%B8%B0%E0%B9%81%E0%B8%9E%E0%B8%99%E0%B8%81%E0%B8%A7%E0%B8%B4%E0%B9%89%E0%B8%99-%E0%B8%A7%E0%B8%B4%E0%B8%87%E0%B9%81%E0%B8%A1%E0%B8%99-Bear-Rabbit-Penguin-%E0%B8%88%E0%B8%B2%E0%B8%81%E0%B9%80%E0%B8%81%E0%B8%A1-Valorant-%E0%B8%A5%E0%B8%B4%E0%B8%82%E0%B8%AA%E0%B8%B4%E0%B8%97%E0%B8%98%E0%B8%B4%E0%B9%8C%E0%B9%81%E0%B8%97%E0%B9%89-100--i.19958842.21790660527","Valorant Plush - ‡∏ï‡∏∏‡πä‡∏Å‡∏ï‡∏≤ Wingman ‡∏´‡∏°‡∏µ ‡∏Å‡∏£‡∏∞‡∏ï‡πà‡∏≤‡∏¢‡πÅ‡∏•‡∏∞‡πÅ‡∏û‡∏ô‡∏Å‡∏ß‡∏¥‡πâ‡∏ô ‡∏ß‡∏¥‡∏á‡πÅ‡∏°‡∏ô Bear Rabbit Penguin ‡∏à‡∏≤‡∏Å‡πÄ‡∏Å‡∏° Valorant ‡∏•‡∏¥‡∏Ç‡∏™‡∏¥‡∏ó‡∏ò‡∏¥‡πå‡πÅ‡∏ó‡πâ 100%","https://down-bs-us.img.susercontent.com/th-11134207-7rask-m6spd8s6ooxb98.jpg","19958842","TH","2025-09-03T01:07:03.009Z"
"142041388","142039564","captain.tain","No","15634228187","2024-06-26T11:40:14.000Z","","5","product_quality: 5","https://down-bs-us.img.susercontent.com/th-11134103-7r98q-lwzoyz50quuof1.jpg","","Valorant Plush - ‡∏ï‡∏∏‡πä‡∏Å‡∏ï‡∏≤ Wingman ‡∏´‡∏°‡∏µ ‡∏Å‡∏£‡∏∞‡∏ï‡πà‡∏≤‡∏¢‡πÅ‡∏•‡∏∞‡πÅ‡∏û‡∏ô‡∏Å‡∏ß‡∏¥‡πâ‡∏ô ‡∏ß‡∏¥‡∏á‡πÅ‡∏°‡∏ô Bear Rabbit Penguin ‡∏à‡∏≤‡∏Å‡πÄ‡∏Å‡∏° Valorant ‡∏•‡∏¥‡∏Ç‡∏™‡∏¥‡∏ó‡∏ò‡∏¥‡πå‡πÅ‡∏ó‡πâ 100%, Wingman","21790660527","https://shopee.co.th/Valorant-Plush-%E0%B8%95%E0%B8%B8%E0%B9%8A%E0%B8%81%E0%B8%95%E0%B8%B2-Wingman-%E0%B8%AB%E0%B8%A1%E0%B8%B5-%E0%B8%81%E0%B8%A3%E0%B8%B0%E0%B8%95%E0%B9%88%E0%B8%B2%E0%B8%A2%E0%B9%81%E0%B8%A5%E0%B8%B0%E0%B9%81%E0%B8%9E%E0%B8%99%E0%B8%81%E0%B8%A7%E0%B8%B4%E0%B9%89%E0%B8%99-%E0%B8%A7%E0%B8%B4%E0%B8%87%E0%B9%81%E0%B8%A1%E0%B8%99-Bear-Rabbit-Penguin-%E0%B8%88%E0%B8%B2%E0%B8%81%E0%B9%80%E0%B8%81%E0%B8%A1-Valorant-%E0%B8%A5%E0%B8%B4%E0%B8%82%E0%B8%AA%E0%B8%B4%E0%B8%97%E0%B8%98%E0%B8%B4%E0%B9%8C%E0%B9%81%E0%B8%97%E0%B9%89-100--i.19958842.21790660527","Valorant Plush - ‡∏ï‡∏∏‡πä‡∏Å‡∏ï‡∏≤ Wingman ‡∏´‡∏°‡∏µ ‡∏Å‡∏£‡∏∞‡∏ï‡πà‡∏≤‡∏¢‡πÅ‡∏•‡∏∞‡πÅ‡∏û‡∏ô‡∏Å‡∏ß‡∏¥‡πâ‡∏ô ‡∏ß‡∏¥‡∏á‡πÅ‡∏°‡∏ô Bear Rabbit Penguin ‡∏à‡∏≤‡∏Å‡πÄ‡∏Å‡∏° Valorant ‡∏•‡∏¥‡∏Ç‡∏™‡∏¥‡∏ó‡∏ò‡∏¥‡πå‡πÅ‡∏ó‡πâ 100%","https://down-bs-us.img.susercontent.com/th-11134207-7rask-m6spd8s6ooxb98.jpg","19958842","TH","2025-09-03T01:07:03.009Z"
"55956072","55954648","e*****d","Yes","28164085124","2025-01-14T09:54:24.000Z","‡∏™‡∏±‡πà‡∏á‡∏Å‡∏±‡∏ö‡∏£‡πâ‡∏≤‡∏ô‡∏ô‡∏µ‡πâ‡∏°‡∏≤‡∏´‡∏•‡∏≤‡∏¢‡∏£‡∏≠‡∏ö‡πÅ‡∏•‡πâ‡∏ß‡∏ß‡∏ß‡∏ßü´∂üèª
‡πÅ‡∏°‡πà‡∏Ñ‡πâ‡∏≤‡∏ô‡πà‡∏≤‡∏£‡∏±‡∏Å ‡∏ö‡∏£‡∏¥‡∏Å‡∏≤‡∏£‡∏î‡∏µ‡πÄ‡∏´‡∏°‡∏∑‡∏≠‡∏ô‡πÄ‡∏Ñ‡∏¢‡∏Ñ‡πà‡∏≤
‡∏£‡∏≠‡∏™‡∏¥‡∏ô‡∏Ñ‡πâ‡∏≤25‡∏ß‡∏±‡∏ô ‡∏ó‡∏±‡∏ô‡πÉ‡∏´‡πâ‡πÄ‡∏õ‡πá‡∏ô‡∏Ç‡∏≠‡∏á‡∏Ç‡∏ß‡∏±‡∏ç‡πÄ‡∏û‡∏∑‡πà‡∏≠‡∏ôüíò
‡∏ô‡πâ‡∏≠‡∏á‡∏ß‡∏¥‡∏á‡πÅ‡∏°‡∏ô‡∏ô‡πà‡∏≤‡∏£‡∏±‡∏Å‡∏°‡∏≤‡∏Å ‡∏ï‡∏£‡∏á‡πÅ‡∏Å‡πâ‡∏ß‡πÄ‡∏õ‡πá‡∏ô‡πÅ‡∏°‡πà‡πÄ‡∏´‡∏•‡πá‡∏Å
‡∏™‡∏≤‡∏°‡∏≤‡∏£‡∏ñ‡∏î‡∏∂‡∏á‡πÅ‡∏Å‡πâ‡∏ß‡∏ô‡πâ‡∏≥‡∏≠‡∏≠‡∏Å‡∏à‡∏≤‡∏Å‡∏°‡∏∑‡∏≠‡∏ô‡πâ‡∏≠‡∏á‡πÑ‡∏î‡πâ‡∏Ñ‡πà‡∏≤ 
‡∏™‡∏¥‡∏ô‡∏Ñ‡πâ‡∏≤‡πÄ‡∏õ‡πá‡∏ô‡∏Ç‡∏≠‡∏á‡πÅ‡∏ó‡πâ‡∏à‡∏≤‡∏Å Riot ‡πÉ‡∏ä‡πâ‡πÇ‡∏Ñ‡πâ‡∏î‡∏•‡∏î shopee ‡πÑ‡∏î‡πâ‡∏≠‡∏µ‡∏Åü´°","5","product_quality: 5
seller_service: 5
delivery_service: 5","https://down-bs-us.img.susercontent.com/th-11134103-7rasb-m4zwhiskxvcnc3.jpg","https://down-ws-sg.vod.susercontent.com/api/v4/11110103/mms/th-11110103-6kgcp-m4zvcctps0zb03.default.mp4","Valorant Plush - ‡∏ï‡∏∏‡πä‡∏Å‡∏ï‡∏≤ Wingman ‡∏´‡∏°‡∏µ ‡∏Å‡∏£‡∏∞‡∏ï‡πà‡∏≤‡∏¢‡πÅ‡∏•‡∏∞‡πÅ‡∏û‡∏ô‡∏Å‡∏ß‡∏¥‡πâ‡∏ô ‡∏ß‡∏¥‡∏á‡πÅ‡∏°‡∏ô Bear Rabbit Penguin ‡∏à‡∏≤‡∏Å‡πÄ‡∏Å‡∏° Valorant ‡∏•‡∏¥‡∏Ç‡∏™‡∏¥‡∏ó‡∏ò‡∏¥‡πå‡πÅ‡∏ó‡πâ 100%, Wingman","21790660527","https://shopee.co.th/Valorant-Plush-%E0%B8%95%E0%B8%B8%E0%B9%8A%E0%B8%81%E0%B8%95%E0%B8%B2-Wingman-%E0%B8%AB%E0%B8%A1%E0%B8%B5-%E0%B8%81%E0%B8%A3%E0%B8%B0%E0%B8%95%E0%B9%88%E0%B8%B2%E0%B8%A2%E0%B9%81%E0%B8%A5%E0%B8%B0%E0%B9%81%E0%B8%9E%E0%B8%99%E0%B8%81%E0%B8%A7%E0%B8%B4%E0%B9%89%E0%B8%99-%E0%B8%A7%E0%B8%B4%E0%B8%87%E0%B9%81%E0%B8%A1%E0%B8%99-Bear-Rabbit-Penguin-%E0%B8%88%E0%B8%B2%E0%B8%81%E0%B9%80%E0%B8%81%E0%B8%A1-Valorant-%E0%B8%A5%E0%B8%B4%E0%B8%82%E0%B8%AA%E0%B8%B4%E0%B8%97%E0%B8%98%E0%B8%B4%E0%B9%8C%E0%B9%81%E0%B8%97%E0%B9%89-100--i.19958842.21790660527","Valorant Plush - ‡∏ï‡∏∏‡πä‡∏Å‡∏ï‡∏≤ Wingman ‡∏´‡∏°‡∏µ ‡∏Å‡∏£‡∏∞‡∏ï‡πà‡∏≤‡∏¢‡πÅ‡∏•‡∏∞‡πÅ‡∏û‡∏ô‡∏Å‡∏ß‡∏¥‡πâ‡∏ô ‡∏ß‡∏¥‡∏á‡πÅ‡∏°‡∏ô Bear Rabbit Penguin ‡∏à‡∏≤‡∏Å‡πÄ‡∏Å‡∏° Valorant ‡∏•‡∏¥‡∏Ç‡∏™‡∏¥‡∏ó‡∏ò‡∏¥‡πå‡πÅ‡∏ó‡πâ 100%","https://down-bs-us.img.susercontent.com/th-11134207-7rask-m6spd8s6ooxb98.jpg","19958842","TH","2025-09-03T01:07:03.009Z"
"24898516","24897180","pink.pelotty","No","14588644918","2024-03-20T12:35:37.000Z","‡∏Ñ‡∏∏‡∏ì‡∏†‡∏≤‡∏û:‡∏ô‡πà‡∏≤‡∏£‡∏±‡∏Å‡∏Å‡∏Å‡∏Å‡∏Å‡∏Å

Wingman for the win!! ‡∏ô‡πâ‡∏≠‡∏á‡∏ô‡πà‡∏≤‡∏£‡∏±‡∏Å‡∏ô‡∏∏‡πâ‡∏¢‡∏ô‡∏¥‡πà‡∏á‡∏°‡∏≤‡∏Å‡∏Ñ‡πà‡∏≤üíñü´† ‡∏£‡πâ‡∏≤‡∏ô‡πÉ‡∏´‡πâ‡∏Ñ‡∏≥‡∏õ‡∏£‡∏∂‡∏Å‡∏©‡∏≤‡∏î‡∏µ‡∏™‡∏∏‡∏î‡πÜ ‡∏Ç‡∏≠‡∏á‡∏ñ‡∏∂‡∏á‡πÑ‡∏ß‡∏Ñ‡πà‡∏∞ (‡∏ï‡∏£‡∏á‡∏°‡∏∑‡∏≠‡∏ô‡πâ‡∏≠‡∏á‡∏ß‡∏¥‡∏á‡πÅ‡∏°‡∏ô‡πÄ‡∏õ‡πá‡∏ô‡πÅ‡∏°‡πà‡πÄ‡∏´‡∏•‡πá‡∏Å‡∏™‡∏≤‡∏°‡∏≤‡∏£‡∏ñ‡πÄ‡∏≠‡∏≤‡πÅ‡∏Å‡πâ‡∏ß‡∏≠‡∏≠‡∏Å‡∏à‡∏≤‡∏Å‡∏°‡∏∑‡∏≠‡πÑ‡∏î‡πâ‡∏Ñ‡πà‡∏∞ ‡∏ô‡πà‡∏≤‡∏£‡∏±‡∏Å‡∏™‡∏∏‡∏î‡πÜ!)","5","product_quality: 5
seller_service: 5
delivery_service: 5","https://down-bs-us.img.susercontent.com/th-11134103-7r992-lt3ves8hkzfy53.jpg","https://down-bs-sg.vod.susercontent.com/api/v4/11110103/mms/th-11110103-6ke16-lt3vg2dy1n0d3a.16000051710938080.mp4","Valorant Plush - ‡∏ï‡∏∏‡πä‡∏Å‡∏ï‡∏≤ Wingman ‡∏´‡∏°‡∏µ ‡∏Å‡∏£‡∏∞‡∏ï‡πà‡∏≤‡∏¢‡πÅ‡∏•‡∏∞‡πÅ‡∏û‡∏ô‡∏Å‡∏ß‡∏¥‡πâ‡∏ô ‡∏ß‡∏¥‡∏á‡πÅ‡∏°‡∏ô Bear Rabbit Penguin ‡∏à‡∏≤‡∏Å‡πÄ‡∏Å‡∏° Valorant ‡∏•‡∏¥‡∏Ç‡∏™‡∏¥‡∏ó‡∏ò‡∏¥‡πå‡πÅ‡∏ó‡πâ 100%, Wingman","21790660527","https://shopee.co.th/Valorant-Plush-%E0%B8%95%E0%B8%B8%E0%B9%8A%E0%B8%81%E0%B8%95%E0%B8%B2-Wingman-%E0%B8%AB%E0%B8%A1%E0%B8%B5-%E0%B8%81%E0%B8%A3%E0%B8%B0%E0%B8%95%E0%B9%88%E0%B8%B2%E0%B8%A2%E0%B9%81%E0%B8%A5%E0%B8%B0%E0%B9%81%E0%B8%9E%E0%B8%99%E0%B8%81%E0%B8%A7%E0%B8%B4%E0%B9%89%E0%B8%99-%E0%B8%A7%E0%B8%B4%E0%B8%87%E0%B9%81%E0%B8%A1%E0%B8%99-Bear-Rabbit-Penguin-%E0%B8%88%E0%B8%B2%E0%B8%81%E0%B9%80%E0%B8%81%E0%B8%A1-Valorant-%E0%B8%A5%E0%B8%B4%E0%B8%82%E0%B8%AA%E0%B8%B4%E0%B8%97%E0%B8%98%E0%B8%B4%E0%B9%8C%E0%B9%81%E0%B8%97%E0%B9%89-100--i.19958842.21790660527","Valorant Plush - ‡∏ï‡∏∏‡πä‡∏Å‡∏ï‡∏≤ Wingman ‡∏´‡∏°‡∏µ ‡∏Å‡∏£‡∏∞‡∏ï‡πà‡∏≤‡∏¢‡πÅ‡∏•‡∏∞‡πÅ‡∏û‡∏ô‡∏Å‡∏ß‡∏¥‡πâ‡∏ô ‡∏ß‡∏¥‡∏á‡πÅ‡∏°‡∏ô Bear Rabbit Penguin ‡∏à‡∏≤‡∏Å‡πÄ‡∏Å‡∏° Valorant ‡∏•‡∏¥‡∏Ç‡∏™‡∏¥‡∏ó‡∏ò‡∏¥‡πå‡πÅ‡∏ó‡πâ 100%","https://down-bs-us.img.susercontent.com/th-11134207-7rask-m6spd8s6ooxb98.jpg","19958842","TH","2025-09-03T01:07:03.009Z"
"978752833","978606681","n*****5","Yes","47594190434","2025-06-09T14:20:40.000Z","","5","product_quality: 5
seller_service: 5
delivery_service: 5","https://down-bs-us.img.susercontent.com/th-11134103-7rase-masjqjruh4c6c5.jpg","","Valorant Plush - ‡∏ï‡∏∏‡πä‡∏Å‡∏ï‡∏≤ Wingman ‡∏´‡∏°‡∏µ ‡∏Å‡∏£‡∏∞‡∏ï‡πà‡∏≤‡∏¢‡πÅ‡∏•‡∏∞‡πÅ‡∏û‡∏ô‡∏Å‡∏ß‡∏¥‡πâ‡∏ô ‡∏ß‡∏¥‡∏á‡πÅ‡∏°‡∏ô Bear Rabbit Penguin ‡∏à‡∏≤‡∏Å‡πÄ‡∏Å‡∏° Valorant ‡∏•‡∏¥‡∏Ç‡∏™‡∏¥‡∏ó‡∏ò‡∏¥‡πå‡πÅ‡∏ó‡πâ 100%, (New) Wingman Spike","21790660527","https://shopee.co.th/Valorant-Plush-%E0%B8%95%E0%B8%B8%E0%B9%8A%E0%B8%81%E0%B8%95%E0%B8%B2-Wingman-%E0%B8%AB%E0%B8%A1%E0%B8%B5-%E0%B8%81%E0%B8%A3%E0%B8%B0%E0%B8%95%E0%B9%88%E0%B8%B2%E0%B8%A2%E0%B9%81%E0%B8%A5%E0%B8%B0%E0%B9%81%E0%B8%9E%E0%B8%99%E0%B8%81%E0%B8%A7%E0%B8%B4%E0%B9%89%E0%B8%99-%E0%B8%A7%E0%B8%B4%E0%B8%87%E0%B9%81%E0%B8%A1%E0%B8%99-Bear-Rabbit-Penguin-%E0%B8%88%E0%B8%B2%E0%B8%81%E0%B9%80%E0%B8%81%E0%B8%A1-Valorant-%E0%B8%A5%E0%B8%B4%E0%B8%82%E0%B8%AA%E0%B8%B4%E0%B8%97%E0%B8%98%E0%B8%B4%E0%B9%8C%E0%B9%81%E0%B8%97%E0%B9%89-100--i.19958842.21790660527","Valorant Plush - ‡∏ï‡∏∏‡πä‡∏Å‡∏ï‡∏≤ Wingman ‡∏´‡∏°‡∏µ ‡∏Å‡∏£‡∏∞‡∏ï‡πà‡∏≤‡∏¢‡πÅ‡∏•‡∏∞‡πÅ‡∏û‡∏ô‡∏Å‡∏ß‡∏¥‡πâ‡∏ô ‡∏ß‡∏¥‡∏á‡πÅ‡∏°‡∏ô Bear Rabbit Penguin ‡∏à‡∏≤‡∏Å‡πÄ‡∏Å‡∏° Valorant ‡∏•‡∏¥‡∏Ç‡∏™‡∏¥‡∏ó‡∏ò‡∏¥‡πå‡πÅ‡∏ó‡πâ 100%","https://down-bs-us.img.susercontent.com/th-11134207-7rask-m6spd8s6ooxb98.jpg","19958842","TH","2025-09-03T01:07:11.631Z"
"180436936","180434317","p*****1","Yes","14808628485","2024-04-06T08:48:46.000Z","‡∏ô‡πâ‡∏≠‡∏á‡∏ô‡πà‡∏≤‡∏£‡∏±‡∏Å‡∏°‡∏≤‡∏Å‡∏Å‡∏Å ‡∏ô‡∏∏‡πà‡∏°‡∏ô‡∏¥‡πà‡∏°‡∏°","5","product_quality: 5","","","Valorant Plush - ‡∏ï‡∏∏‡πä‡∏Å‡∏ï‡∏≤ Wingman ‡∏´‡∏°‡∏µ ‡∏Å‡∏£‡∏∞‡∏ï‡πà‡∏≤‡∏¢‡πÅ‡∏•‡∏∞‡πÅ‡∏û‡∏ô‡∏Å‡∏ß‡∏¥‡πâ‡∏ô ‡∏ß‡∏¥‡∏á‡πÅ‡∏°‡∏ô Bear Rabbit Penguin ‡∏à‡∏≤‡∏Å‡πÄ‡∏Å‡∏° Valorant ‡∏•‡∏¥‡∏Ç‡∏™‡∏¥‡∏ó‡∏ò‡∏¥‡πå‡πÅ‡∏ó‡πâ 100%, Wingman","21790660527","https://shopee.co.th/Valorant-Plush-%E0%B8%95%E0%B8%B8%E0%B9%8A%E0%B8%81%E0%B8%95%E0%B8%B2-Wingman-%E0%B8%AB%E0%B8%A1%E0%B8%B5-%E0%B8%81%E0%B8%A3%E0%B8%B0%E0%B8%95%E0%B9%88%E0%B8%B2%E0%B8%A2%E0%B9%81%E0%B8%A5%E0%B8%B0%E0%B9%81%E0%B8%9E%E0%B8%99%E0%B8%81%E0%B8%A7%E0%B8%B4%E0%B9%89%E0%B8%99-%E0%B8%A7%E0%B8%B4%E0%B8%87%E0%B9%81%E0%B8%A1%E0%B8%99-Bear-Rabbit-Penguin-%E0%B8%88%E0%B8%B2%E0%B8%81%E0%B9%80%E0%B8%81%E0%B8%A1-Valorant-%E0%B8%A5%E0%B8%B4%E0%B8%82%E0%B8%AA%E0%B8%B4%E0%B8%97%E0%B8%98%E0%B8%B4%E0%B9%8C%E0%B9%81%E0%B8%97%E0%B9%89-100--i.19958842.21790660527","Valorant Plush - ‡∏ï‡∏∏‡πä‡∏Å‡∏ï‡∏≤ Wingman ‡∏´‡∏°‡∏µ ‡∏Å‡∏£‡∏∞‡∏ï‡πà‡∏≤‡∏¢‡πÅ‡∏•‡∏∞‡πÅ‡∏û‡∏ô‡∏Å‡∏ß‡∏¥‡πâ‡∏ô ‡∏ß‡∏¥‡∏á‡πÅ‡∏°‡∏ô Bear Rabbit Penguin ‡∏à‡∏≤‡∏Å‡πÄ‡∏Å‡∏° Valorant ‡∏•‡∏¥‡∏Ç‡∏™‡∏¥‡∏ó‡∏ò‡∏¥‡πå‡πÅ‡∏ó‡πâ 100%","https://down-bs-us.img.susercontent.com/th-11134207-7rask-m6spd8s6ooxb98.jpg","19958842","TH","2025-09-03T01:07:11.631Z"
"67561641","67560184","tipparat.11","No","33026146197","2025-03-16T15:29:55.000Z","‡∏ô‡πà‡∏≤‡∏£‡∏±‡∏Å‡∏°‡∏≤‡∏Å‡∏Ñ‡πà‡∏∞","5","product_quality: 5
seller_service: 5
delivery_service: 5","https://down-bs-us.img.susercontent.com/th-11134103-7rasd-m7fapexd98bn54.jpg","","Valorant Plush - ‡∏ï‡∏∏‡πä‡∏Å‡∏ï‡∏≤ Wingman ‡∏´‡∏°‡∏µ ‡∏Å‡∏£‡∏∞‡∏ï‡πà‡∏≤‡∏¢‡πÅ‡∏•‡∏∞‡πÅ‡∏û‡∏ô‡∏Å‡∏ß‡∏¥‡πâ‡∏ô ‡∏ß‡∏¥‡∏á‡πÅ‡∏°‡∏ô Bear Rabbit Penguin ‡∏à‡∏≤‡∏Å‡πÄ‡∏Å‡∏° Valorant ‡∏•‡∏¥‡∏Ç‡∏™‡∏¥‡∏ó‡∏ò‡∏¥‡πå‡πÅ‡∏ó‡πâ 100%, (New) Wingman Spike","21790660527","https://shopee.co.th/Valorant-Plush-%E0%B8%95%E0%B8%B8%E0%B9%8A%E0%B8%81%E0%B8%95%E0%B8%B2-Wingman-%E0%B8%AB%E0%B8%A1%E0%B8%B5-%E0%B8%81%E0%B8%A3%E0%B8%B0%E0%B8%95%E0%B9%88%E0%B8%B2%E0%B8%A2%E0%B9%81%E0%B8%A5%E0%B8%B0%E0%B9%81%E0%B8%9E%E0%B8%99%E0%B8%81%E0%B8%A7%E0%B8%B4%E0%B9%89%E0%B8%99-%E0%B8%A7%E0%B8%B4%E0%B8%87%E0%B9%81%E0%B8%A1%E0%B8%99-Bear-Rabbit-Penguin-%E0%B8%88%E0%B8%B2%E0%B8%81%E0%B9%80%E0%B8%81%E0%B8%A1-Valorant-%E0%B8%A5%E0%B8%B4%E0%B8%82%E0%B8%AA%E0%B8%B4%E0%B8%97%E0%B8%98%E0%B8%B4%E0%B9%8C%E0%B9%81%E0%B8%97%E0%B9%89-100--i.19958842.21790660527","Valorant Plush - ‡∏ï‡∏∏‡πä‡∏Å‡∏ï‡∏≤ Wingman ‡∏´‡∏°‡∏µ ‡∏Å‡∏£‡∏∞‡∏ï‡πà‡∏≤‡∏¢‡πÅ‡∏•‡∏∞‡πÅ‡∏û‡∏ô‡∏Å‡∏ß‡∏¥‡πâ‡∏ô ‡∏ß‡∏¥‡∏á‡πÅ‡∏°‡∏ô Bear Rabbit Penguin ‡∏à‡∏≤‡∏Å‡πÄ‡∏Å‡∏° Valorant ‡∏•‡∏¥‡∏Ç‡∏™‡∏¥‡∏ó‡∏ò‡∏¥‡πå‡πÅ‡∏ó‡πâ 100%","https://down-bs-us.img.susercontent.com/th-11134207-7rask-m6spd8s6ooxb98.jpg","19958842","TH","2025-09-03T01:07:11.631Z"
"49342121","49340733","nattapatlakhonpang","No","38524874452","2025-04-21T18:35:03.000Z","","5","product_quality: 5","https://down-bs-us.img.susercontent.com/th-11134103-7rasl-m8uv31d721opad.jpg","","Valorant Plush - ‡∏ï‡∏∏‡πä‡∏Å‡∏ï‡∏≤ Wingman ‡∏´‡∏°‡∏µ ‡∏Å‡∏£‡∏∞‡∏ï‡πà‡∏≤‡∏¢‡πÅ‡∏•‡∏∞‡πÅ‡∏û‡∏ô‡∏Å‡∏ß‡∏¥‡πâ‡∏ô ‡∏ß‡∏¥‡∏á‡πÅ‡∏°‡∏ô Bear Rabbit Penguin ‡∏à‡∏≤‡∏Å‡πÄ‡∏Å‡∏° Valorant ‡∏•‡∏¥‡∏Ç‡∏™‡∏¥‡∏ó‡∏ò‡∏¥‡πå‡πÅ‡∏ó‡πâ 100%, (New) Wingman Spike","21790660527","https://shopee.co.th/Valorant-Plush-%E0%B8%95%E0%B8%B8%E0%B9%8A%E0%B8%81%E0%B8%95%E0%B8%B2-Wingman-%E0%B8%AB%E0%B8%A1%E0%B8%B5-%E0%B8%81%E0%B8%A3%E0%B8%B0%E0%B8%95%E0%B9%88%E0%B8%B2%E0%B8%A2%E0%B9%81%E0%B8%A5%E0%B8%B0%E0%B9%81%E0%B8%9E%E0%B8%99%E0%B8%81%E0%B8%A7%E0%B8%B4%E0%B9%89%E0%B8%99-%E0%B8%A7%E0%B8%B4%E0%B8%87%E0%B9%81%E0%B8%A1%E0%B8%99-Bear-Rabbit-Penguin-%E0%B8%88%E0%B8%B2%E0%B8%81%E0%B9%80%E0%B8%81%E0%B8%A1-Valorant-%E0%B8%A5%E0%B8%B4%E0%B8%82%E0%B8%AA%E0%B8%B4%E0%B8%97%E0%B8%98%E0%B8%B4%E0%B9%8C%E0%B9%81%E0%B8%97%E0%B9%89-100--i.19958842.21790660527","Valorant Plush - ‡∏ï‡∏∏‡πä‡∏Å‡∏ï‡∏≤ Wingman ‡∏´‡∏°‡∏µ ‡∏Å‡∏£‡∏∞‡∏ï‡πà‡∏≤‡∏¢‡πÅ‡∏•‡∏∞‡πÅ‡∏û‡∏ô‡∏Å‡∏ß‡∏¥‡πâ‡∏ô ‡∏ß‡∏¥‡∏á‡πÅ‡∏°‡∏ô Bear Rabbit Penguin ‡∏à‡∏≤‡∏Å‡πÄ‡∏Å‡∏° Valorant ‡∏•‡∏¥‡∏Ç‡∏™‡∏¥‡∏ó‡∏ò‡∏¥‡πå‡πÅ‡∏ó‡πâ 100%","https://down-bs-us.img.susercontent.com/th-11134207-7rask-m6spd8s6ooxb98.jpg","19958842","TH","2025-09-03T01:07:11.631Z"
"978752833","978606681","n*****5","Yes","36045676200","2025-04-07T11:53:26.000Z","","5","product_quality: 5
seller_service: 5
delivery_service: 5","https://down-bs-us.img.susercontent.com/th-11134103-7rasf-m8aheernmc8s7a.jpg","","Valorant Plush - ‡∏ï‡∏∏‡πä‡∏Å‡∏ï‡∏≤ Wingman ‡∏´‡∏°‡∏µ ‡∏Å‡∏£‡∏∞‡∏ï‡πà‡∏≤‡∏¢‡πÅ‡∏•‡∏∞‡πÅ‡∏û‡∏ô‡∏Å‡∏ß‡∏¥‡πâ‡∏ô ‡∏ß‡∏¥‡∏á‡πÅ‡∏°‡∏ô Bear Rabbit Penguin ‡∏à‡∏≤‡∏Å‡πÄ‡∏Å‡∏° Valorant ‡∏•‡∏¥‡∏Ç‡∏™‡∏¥‡∏ó‡∏ò‡∏¥‡πå‡πÅ‡∏ó‡πâ 100%, Wingman","21790660527","https://shopee.co.th/Valorant-Plush-%E0%B8%95%E0%B8%B8%E0%B9%8A%E0%B8%81%E0%B8%95%E0%B8%B2-Wingman-%E0%B8%AB%E0%B8%A1%E0%B8%B5-%E0%B8%81%E0%B8%A3%E0%B8%B0%E0%B8%95%E0%B9%88%E0%B8%B2%E0%B8%A2%E0%B9%81%E0%B8%A5%E0%B8%B0%E0%B9%81%E0%B8%9E%E0%B8%99%E0%B8%81%E0%B8%A7%E0%B8%B4%E0%B9%89%E0%B8%99-%E0%B8%A7%E0%B8%B4%E0%B8%87%E0%B9%81%E0%B8%A1%E0%B8%99-Bear-Rabbit-Penguin-%E0%B8%88%E0%B8%B2%E0%B8%81%E0%B9%80%E0%B8%81%E0%B8%A1-Valorant-%E0%B8%A5%E0%B8%B4%E0%B8%82%E0%B8%AA%E0%B8%B4%E0%B8%97%E0%B8%98%E0%B8%B4%E0%B9%8C%E0%B9%81%E0%B8%97%E0%B9%89-100--i.19958842.21790660527","Valorant Plush - ‡∏ï‡∏∏‡πä‡∏Å‡∏ï‡∏≤ Wingman ‡∏´‡∏°‡∏µ ‡∏Å‡∏£‡∏∞‡∏ï‡πà‡∏≤‡∏¢‡πÅ‡∏•‡∏∞‡πÅ‡∏û‡∏ô‡∏Å‡∏ß‡∏¥‡πâ‡∏ô ‡∏ß‡∏¥‡∏á‡πÅ‡∏°‡∏ô Bear Rabbit Penguin ‡∏à‡∏≤‡∏Å‡πÄ‡∏Å‡∏° Valorant ‡∏•‡∏¥‡∏Ç‡∏™‡∏¥‡∏ó‡∏ò‡∏¥‡πå‡πÅ‡∏ó‡πâ 100%","https://down-bs-us.img.susercontent.com/th-11134207-7rask-m6spd8s6ooxb98.jpg","19958842","TH","2025-09-03T01:07:11.631Z"
"282400926","282394069","kistun21080","No","33022315504","2025-03-16T10:18:38.000Z","","5","product_quality: 5
seller_service: 5
delivery_service: 5","https://down-bs-us.img.susercontent.com/th-11134103-7rask-m7ezlsvnhtnn05.jpg","","Valorant Plush - ‡∏ï‡∏∏‡πä‡∏Å‡∏ï‡∏≤ Wingman ‡∏´‡∏°‡∏µ ‡∏Å‡∏£‡∏∞‡∏ï‡πà‡∏≤‡∏¢‡πÅ‡∏•‡∏∞‡πÅ‡∏û‡∏ô‡∏Å‡∏ß‡∏¥‡πâ‡∏ô ‡∏ß‡∏¥‡∏á‡πÅ‡∏°‡∏ô Bear Rabbit Penguin ‡∏à‡∏≤‡∏Å‡πÄ‡∏Å‡∏° Valorant ‡∏•‡∏¥‡∏Ç‡∏™‡∏¥‡∏ó‡∏ò‡∏¥‡πå‡πÅ‡∏ó‡πâ 100%, (New) Wingman Spike","21790660527","https://shopee.co.th/Valorant-Plush-%E0%B8%95%E0%B8%B8%E0%B9%8A%E0%B8%81%E0%B8%95%E0%B8%B2-Wingman-%E0%B8%AB%E0%B8%A1%E0%B8%B5-%E0%B8%81%E0%B8%A3%E0%B8%B0%E0%B8%95%E0%B9%88%E0%B8%B2%E0%B8%A2%E0%B9%81%E0%B8%A5%E0%B8%B0%E0%B9%81%E0%B8%9E%E0%B8%99%E0%B8%81%E0%B8%A7%E0%B8%B4%E0%B9%89%E0%B8%99-%E0%B8%A7%E0%B8%B4%E0%B8%87%E0%B9%81%E0%B8%A1%E0%B8%99-Bear-Rabbit-Penguin-%E0%B8%88%E0%B8%B2%E0%B8%81%E0%B9%80%E0%B8%81%E0%B8%A1-Valorant-%E0%B8%A5%E0%B8%B4%E0%B8%82%E0%B8%AA%E0%B8%B4%E0%B8%97%E0%B8%98%E0%B8%B4%E0%B9%8C%E0%B9%81%E0%B8%97%E0%B9%89-100--i.19958842.21790660527","Valorant Plush - ‡∏ï‡∏∏‡πä‡∏Å‡∏ï‡∏≤ Wingman ‡∏´‡∏°‡∏µ ‡∏Å‡∏£‡∏∞‡∏ï‡πà‡∏≤‡∏¢‡πÅ‡∏•‡∏∞‡πÅ‡∏û‡∏ô‡∏Å‡∏ß‡∏¥‡πâ‡∏ô ‡∏ß‡∏¥‡∏á‡πÅ‡∏°‡∏ô Bear Rabbit Penguin ‡∏à‡∏≤‡∏Å‡πÄ‡∏Å‡∏° Valorant ‡∏•‡∏¥‡∏Ç‡∏™‡∏¥‡∏ó‡∏ò‡∏¥‡πå‡πÅ‡∏ó‡πâ 100%","https://down-bs-us.img.susercontent.com/th-11134207-7rask-m6spd8s6ooxb98.jpg","19958842","TH","2025-09-03T01:07:11.631Z"
"120660370","120658546","sprite094","No","15470809183","2024-06-10T11:57:00.000Z","‡πÅ‡∏°‡πà‡∏Ñ‡πâ‡∏≤ ‡∏ô‡∏¥‡∏™‡∏±‡∏¢‡∏î‡∏µüóø
‡∏™‡∏¥‡∏ô‡∏Ñ‡πâ‡∏≤üóø
Wingman for the win üóø","5","product_quality: 5
seller_service: 4
delivery_service: 3","","https://down-ws-sg.vod.susercontent.com/api/v4/11110103/mms/th-11110103-6ke14-lwcvdlgfnjqo82.16000051718020494.mp4","Valorant Plush - ‡∏ï‡∏∏‡πä‡∏Å‡∏ï‡∏≤ Wingman ‡∏´‡∏°‡∏µ ‡∏Å‡∏£‡∏∞‡∏ï‡πà‡∏≤‡∏¢‡πÅ‡∏•‡∏∞‡πÅ‡∏û‡∏ô‡∏Å‡∏ß‡∏¥‡πâ‡∏ô ‡∏ß‡∏¥‡∏á‡πÅ‡∏°‡∏ô Bear Rabbit Penguin ‡∏à‡∏≤‡∏Å‡πÄ‡∏Å‡∏° Valorant ‡∏•‡∏¥‡∏Ç‡∏™‡∏¥‡∏ó‡∏ò‡∏¥‡πå‡πÅ‡∏ó‡πâ 100%, Wingman","21790660527","https://shopee.co.th/Valorant-Plush-%E0%B8%95%E0%B8%B8%E0%B9%8A%E0%B8%81%E0%B8%95%E0%B8%B2-Wingman-%E0%B8%AB%E0%B8%A1%E0%B8%B5-%E0%B8%81%E0%B8%A3%E0%B8%B0%E0%B8%95%E0%B9%88%E0%B8%B2%E0%B8%A2%E0%B9%81%E0%B8%A5%E0%B8%B0%E0%B9%81%E0%B8%9E%E0%B8%99%E0%B8%81%E0%B8%A7%E0%B8%B4%E0%B9%89%E0%B8%99-%E0%B8%A7%E0%B8%B4%E0%B8%87%E0%B9%81%E0%B8%A1%E0%B8%99-Bear-Rabbit-Penguin-%E0%B8%88%E0%B8%B2%E0%B8%81%E0%B9%80%E0%B8%81%E0%B8%A1-Valorant-%E0%B8%A5%E0%B8%B4%E0%B8%82%E0%B8%AA%E0%B8%B4%E0%B8%97%E0%B8%98%E0%B8%B4%E0%B9%8C%E0%B9%81%E0%B8%97%E0%B9%89-100--i.19958842.21790660527","Valorant Plush - ‡∏ï‡∏∏‡πä‡∏Å‡∏ï‡∏≤ Wingman ‡∏´‡∏°‡∏µ ‡∏Å‡∏£‡∏∞‡∏ï‡πà‡∏≤‡∏¢‡πÅ‡∏•‡∏∞‡πÅ‡∏û‡∏ô‡∏Å‡∏ß‡∏¥‡πâ‡∏ô ‡∏ß‡∏¥‡∏á‡πÅ‡∏°‡∏ô Bear Rabbit Penguin ‡∏à‡∏≤‡∏Å‡πÄ‡∏Å‡∏° Valorant ‡∏•‡∏¥‡∏Ç‡∏™‡∏¥‡∏ó‡∏ò‡∏¥‡πå‡πÅ‡∏ó‡πâ 100%","https://down-bs-us.img.susercontent.com/th-11134207-7rask-m6spd8s6ooxb98.jpg","19958842","TH","2025-09-03T01:07:20.506Z"
"101905912","101904432","prapan..","No","15010390158","2024-04-27T10:50:17.000Z","","5","product_quality: 5","https://down-bs-us.img.susercontent.com/th-11134103-7r98y-lum1vnu3au5q7c.jpg","","Valorant Plush - ‡∏ï‡∏∏‡πä‡∏Å‡∏ï‡∏≤ Wingman ‡∏´‡∏°‡∏µ ‡∏Å‡∏£‡∏∞‡∏ï‡πà‡∏≤‡∏¢‡πÅ‡∏•‡∏∞‡πÅ‡∏û‡∏ô‡∏Å‡∏ß‡∏¥‡πâ‡∏ô ‡∏ß‡∏¥‡∏á‡πÅ‡∏°‡∏ô Bear Rabbit Penguin ‡∏à‡∏≤‡∏Å‡πÄ‡∏Å‡∏° Valorant ‡∏•‡∏¥‡∏Ç‡∏™‡∏¥‡∏ó‡∏ò‡∏¥‡πå‡πÅ‡∏ó‡πâ 100%, Wingman","21790660527","https://shopee.co.th/Valorant-Plush-%E0%B8%95%E0%B8%B8%E0%B9%8A%E0%B8%81%E0%B8%95%E0%B8%B2-Wingman-%E0%B8%AB%E0%B8%A1%E0%B8%B5-%E0%B8%81%E0%B8%A3%E0%B8%B0%E0%B8%95%E0%B9%88%E0%B8%B2%E0%B8%A2%E0%B9%81%E0%B8%A5%E0%B8%B0%E0%B9%81%E0%B8%9E%E0%B8%99%E0%B8%81%E0%B8%A7%E0%B8%B4%E0%B9%89%E0%B8%99-%E0%B8%A7%E0%B8%B4%E0%B8%87%E0%B9%81%E0%B8%A1%E0%B8%99-Bear-Rabbit-Penguin-%E0%B8%88%E0%B8%B2%E0%B8%81%E0%B9%80%E0%B8%81%E0%B8%A1-Valorant-%E0%B8%A5%E0%B8%B4%E0%B8%82%E0%B8%AA%E0%B8%B4%E0%B8%97%E0%B8%98%E0%B8%B4%E0%B9%8C%E0%B9%81%E0%B8%97%E0%B9%89-100--i.19958842.21790660527","Valorant Plush - ‡∏ï‡∏∏‡πä‡∏Å‡∏ï‡∏≤ Wingman ‡∏´‡∏°‡∏µ ‡∏Å‡∏£‡∏∞‡∏ï‡πà‡∏≤‡∏¢‡πÅ‡∏•‡∏∞‡πÅ‡∏û‡∏ô‡∏Å‡∏ß‡∏¥‡πâ‡∏ô ‡∏ß‡∏¥‡∏á‡πÅ‡∏°‡∏ô Bear Rabbit Penguin ‡∏à‡∏≤‡∏Å‡πÄ‡∏Å‡∏° Valorant ‡∏•‡∏¥‡∏Ç‡∏™‡∏¥‡∏ó‡∏ò‡∏¥‡πå‡πÅ‡∏ó‡πâ 100%","https://down-bs-us.img.susercontent.com/th-11134207-7rask-m6spd8s6ooxb98.jpg","19958842","TH","2025-09-03T01:07:20.506Z"
"86208071","86206594","bellbie24","No","47996276610","2025-06-11T09:04:36.000Z","","5","product_quality: 5
seller_service: 5
delivery_service: 5","","","Valorant Plush - ‡∏ï‡∏∏‡πä‡∏Å‡∏ï‡∏≤ Wingman ‡∏´‡∏°‡∏µ ‡∏Å‡∏£‡∏∞‡∏ï‡πà‡∏≤‡∏¢‡πÅ‡∏•‡∏∞‡πÅ‡∏û‡∏ô‡∏Å‡∏ß‡∏¥‡πâ‡∏ô ‡∏ß‡∏¥‡∏á‡πÅ‡∏°‡∏ô Bear Rabbit Penguin ‡∏à‡∏≤‡∏Å‡πÄ‡∏Å‡∏° Valorant ‡∏•‡∏¥‡∏Ç‡∏™‡∏¥‡∏ó‡∏ò‡∏¥‡πå‡πÅ‡∏ó‡πâ 100%, (New) Wingman Spike","21790660527","https://shopee.co.th/Valorant-Plush-%E0%B8%95%E0%B8%B8%E0%B9%8A%E0%B8%81%E0%B8%95%E0%B8%B2-Wingman-%E0%B8%AB%E0%B8%A1%E0%B8%B5-%E0%B8%81%E0%B8%A3%E0%B8%B0%E0%B8%95%E0%B9%88%E0%B8%B2%E0%B8%A2%E0%B9%81%E0%B8%A5%E0%B8%B0%E0%B9%81%E0%B8%9E%E0%B8%99%E0%B8%81%E0%B8%A7%E0%B8%B4%E0%B9%89%E0%B8%99-%E0%B8%A7%E0%B8%B4%E0%B8%87%E0%B9%81%E0%B8%A1%E0%B8%99-Bear-Rabbit-Penguin-%E0%B8%88%E0%B8%B2%E0%B8%81%E0%B9%80%E0%B8%81%E0%B8%A1-Valorant-%E0%B8%A5%E0%B8%B4%E0%B8%82%E0%B8%AA%E0%B8%B4%E0%B8%97%E0%B8%98%E0%B8%B4%E0%B9%8C%E0%B9%81%E0%B8%97%E0%B9%89-100--i.19958842.21790660527","Valorant Plush - ‡∏ï‡∏∏‡πä‡∏Å‡∏ï‡∏≤ Wingman ‡∏´‡∏°‡∏µ ‡∏Å‡∏£‡∏∞‡∏ï‡πà‡∏≤‡∏¢‡πÅ‡∏•‡∏∞‡πÅ‡∏û‡∏ô‡∏Å‡∏ß‡∏¥‡πâ‡∏ô ‡∏ß‡∏¥‡∏á‡πÅ‡∏°‡∏ô Bear Rabbit Penguin ‡∏à‡∏≤‡∏Å‡πÄ‡∏Å‡∏° Valorant ‡∏•‡∏¥‡∏Ç‡∏™‡∏¥‡∏ó‡∏ò‡∏¥‡πå‡πÅ‡∏ó‡πâ 100%","https://down-bs-us.img.susercontent.com/th-11134207-7rask-m6spd8s6ooxb98.jpg","19958842","TH","2025-09-03T01:07:20.506Z"
"83719490","83718012","coolznotez","No","33182426967","2025-03-18T08:27:21.000Z","","5","product_quality: 5
seller_service: 5
delivery_service: 5","","","Valorant Plush - ‡∏ï‡∏∏‡πä‡∏Å‡∏ï‡∏≤ Wingman ‡∏´‡∏°‡∏µ ‡∏Å‡∏£‡∏∞‡∏ï‡πà‡∏≤‡∏¢‡πÅ‡∏•‡∏∞‡πÅ‡∏û‡∏ô‡∏Å‡∏ß‡∏¥‡πâ‡∏ô ‡∏ß‡∏¥‡∏á‡πÅ‡∏°‡∏ô Bear Rabbit Penguin ‡∏à‡∏≤‡∏Å‡πÄ‡∏Å‡∏° Valorant ‡∏•‡∏¥‡∏Ç‡∏™‡∏¥‡∏ó‡∏ò‡∏¥‡πå‡πÅ‡∏ó‡πâ 100%, (New) Wingman Spike","21790660527","https://shopee.co.th/Valorant-Plush-%E0%B8%95%E0%B8%B8%E0%B9%8A%E0%B8%81%E0%B8%95%E0%B8%B2-Wingman-%E0%B8%AB%E0%B8%A1%E0%B8%B5-%E0%B8%81%E0%B8%A3%E0%B8%B0%E0%B8%95%E0%B9%88%E0%B8%B2%E0%B8%A2%E0%B9%81%E0%B8%A5%E0%B8%B0%E0%B9%81%E0%B8%9E%E0%B8%99%E0%B8%81%E0%B8%A7%E0%B8%B4%E0%B9%89%E0%B8%99-%E0%B8%A7%E0%B8%B4%E0%B8%87%E0%B9%81%E0%B8%A1%E0%B8%99-Bear-Rabbit-Penguin-%E0%B8%88%E0%B8%B2%E0%B8%81%E0%B9%80%E0%B8%81%E0%B8%A1-Valorant-%E0%B8%A5%E0%B8%B4%E0%B8%82%E0%B8%AA%E0%B8%B4%E0%B8%97%E0%B8%98%E0%B8%B4%E0%B9%8C%E0%B9%81%E0%B8%97%E0%B9%89-100--i.19958842.21790660527","Valorant Plush - ‡∏ï‡∏∏‡πä‡∏Å‡∏ï‡∏≤ Wingman ‡∏´‡∏°‡∏µ ‡∏Å‡∏£‡∏∞‡∏ï‡πà‡∏≤‡∏¢‡πÅ‡∏•‡∏∞‡πÅ‡∏û‡∏ô‡∏Å‡∏ß‡∏¥‡πâ‡∏ô ‡∏ß‡∏¥‡∏á‡πÅ‡∏°‡∏ô Bear Rabbit Penguin ‡∏à‡∏≤‡∏Å‡πÄ‡∏Å‡∏° Valorant ‡∏•‡∏¥‡∏Ç‡∏™‡∏¥‡∏ó‡∏ò‡∏¥‡πå‡πÅ‡∏ó‡πâ 100%","https://down-bs-us.img.susercontent.com/th-11134207-7rask-m6spd8s6ooxb98.jpg","19958842","TH","2025-09-03T01:07:20.506Z"
"61778239","61776797","p*****t","Yes","34468948447","2025-03-28T03:25:56.000Z","","5","product_quality: 5
seller_service: 5
delivery_service: 5","","","Valorant Plush - ‡∏ï‡∏∏‡πä‡∏Å‡∏ï‡∏≤ Wingman ‡∏´‡∏°‡∏µ ‡∏Å‡∏£‡∏∞‡∏ï‡πà‡∏≤‡∏¢‡πÅ‡∏•‡∏∞‡πÅ‡∏û‡∏ô‡∏Å‡∏ß‡∏¥‡πâ‡∏ô ‡∏ß‡∏¥‡∏á‡πÅ‡∏°‡∏ô Bear Rabbit Penguin ‡∏à‡∏≤‡∏Å‡πÄ‡∏Å‡∏° Valorant ‡∏•‡∏¥‡∏Ç‡∏™‡∏¥‡∏ó‡∏ò‡∏¥‡πå‡πÅ‡∏ó‡πâ 100%, (New) Wingman Spike","21790660527","https://shopee.co.th/Valorant-Plush-%E0%B8%95%E0%B8%B8%E0%B9%8A%E0%B8%81%E0%B8%95%E0%B8%B2-Wingman-%E0%B8%AB%E0%B8%A1%E0%B8%B5-%E0%B8%81%E0%B8%A3%E0%B8%B0%E0%B8%95%E0%B9%88%E0%B8%B2%E0%B8%A2%E0%B9%81%E0%B8%A5%E0%B8%B0%E0%B9%81%E0%B8%9E%E0%B8%99%E0%B8%81%E0%B8%A7%E0%B8%B4%E0%B9%89%E0%B8%99-%E0%B8%A7%E0%B8%B4%E0%B8%87%E0%B9%81%E0%B8%A1%E0%B8%99-Bear-Rabbit-Penguin-%E0%B8%88%E0%B8%B2%E0%B8%81%E0%B9%80%E0%B8%81%E0%B8%A1-Valorant-%E0%B8%A5%E0%B8%B4%E0%B8%82%E0%B8%AA%E0%B8%B4%E0%B8%97%E0%B8%98%E0%B8%B4%E0%B9%8C%E0%B9%81%E0%B8%97%E0%B9%89-100--i.19958842.21790660527","Valorant Plush - ‡∏ï‡∏∏‡πä‡∏Å‡∏ï‡∏≤ Wingman ‡∏´‡∏°‡∏µ ‡∏Å‡∏£‡∏∞‡∏ï‡πà‡∏≤‡∏¢‡πÅ‡∏•‡∏∞‡πÅ‡∏û‡∏ô‡∏Å‡∏ß‡∏¥‡πâ‡∏ô ‡∏ß‡∏¥‡∏á‡πÅ‡∏°‡∏ô Bear Rabbit Penguin ‡∏à‡∏≤‡∏Å‡πÄ‡∏Å‡∏° Valorant ‡∏•‡∏¥‡∏Ç‡∏™‡∏¥‡∏ó‡∏ò‡∏¥‡πå‡πÅ‡∏ó‡πâ 100%","https://down-bs-us.img.susercontent.com/th-11134207-7rask-m6spd8s6ooxb98.jpg","19958842","TH","2025-09-03T01:07:20.506Z"
"158480434","158478416","zyfam","No","33561002549","2025-03-24T02:06:48.000Z","","5","product_quality: 5","","","Valorant Plush - ‡∏ï‡∏∏‡πä‡∏Å‡∏ï‡∏≤ Wingman ‡∏´‡∏°‡∏µ ‡∏Å‡∏£‡∏∞‡∏ï‡πà‡∏≤‡∏¢‡πÅ‡∏•‡∏∞‡πÅ‡∏û‡∏ô‡∏Å‡∏ß‡∏¥‡πâ‡∏ô ‡∏ß‡∏¥‡∏á‡πÅ‡∏°‡∏ô Bear Rabbit Penguin ‡∏à‡∏≤‡∏Å‡πÄ‡∏Å‡∏° Valorant ‡∏•‡∏¥‡∏Ç‡∏™‡∏¥‡∏ó‡∏ò‡∏¥‡πå‡πÅ‡∏ó‡πâ 100%, (New) Wingman Spike","21790660527","https://shopee.co.th/Valorant-Plush-%E0%B8%95%E0%B8%B8%E0%B9%8A%E0%B8%81%E0%B8%95%E0%B8%B2-Wingman-%E0%B8%AB%E0%B8%A1%E0%B8%B5-%E0%B8%81%E0%B8%A3%E0%B8%B0%E0%B8%95%E0%B9%88%E0%B8%B2%E0%B8%A2%E0%B9%81%E0%B8%A5%E0%B8%B0%E0%B9%81%E0%B8%9E%E0%B8%99%E0%B8%81%E0%B8%A7%E0%B8%B4%E0%B9%89%E0%B8%99-%E0%B8%A7%E0%B8%B4%E0%B8%87%E0%B9%81%E0%B8%A1%E0%B8%99-Bear-Rabbit-Penguin-%E0%B8%88%E0%B8%B2%E0%B8%81%E0%B9%80%E0%B8%81%E0%B8%A1-Valorant-%E0%B8%A5%E0%B8%B4%E0%B8%82%E0%B8%AA%E0%B8%B4%E0%B8%97%E0%B8%98%E0%B8%B4%E0%B9%8C%E0%B9%81%E0%B8%97%E0%B9%89-100--i.19958842.21790660527","Valorant Plush - ‡∏ï‡∏∏‡πä‡∏Å‡∏ï‡∏≤ Wingman ‡∏´‡∏°‡∏µ ‡∏Å‡∏£‡∏∞‡∏ï‡πà‡∏≤‡∏¢‡πÅ‡∏•‡∏∞‡πÅ‡∏û‡∏ô‡∏Å‡∏ß‡∏¥‡πâ‡∏ô ‡∏ß‡∏¥‡∏á‡πÅ‡∏°‡∏ô Bear Rabbit Penguin ‡∏à‡∏≤‡∏Å‡πÄ‡∏Å‡∏° Valorant ‡∏•‡∏¥‡∏Ç‡∏™‡∏¥‡∏ó‡∏ò‡∏¥‡πå‡πÅ‡∏ó‡πâ 100%","https://down-bs-us.img.susercontent.com/th-11134207-7rask-m6spd8s6ooxb98.jpg","19958842","TH","2025-09-03T01:07:20.506Z"
"240856410","240850890","artistv2","No","33026582815","2025-03-16T16:27:29.000Z","","5","product_quality: 5","","","Valorant Plush - ‡∏ï‡∏∏‡πä‡∏Å‡∏ï‡∏≤ Wingman ‡∏´‡∏°‡∏µ ‡∏Å‡∏£‡∏∞‡∏ï‡πà‡∏≤‡∏¢‡πÅ‡∏•‡∏∞‡πÅ‡∏û‡∏ô‡∏Å‡∏ß‡∏¥‡πâ‡∏ô ‡∏ß‡∏¥‡∏á‡πÅ‡∏°‡∏ô Bear Rabbit Penguin ‡∏à‡∏≤‡∏Å‡πÄ‡∏Å‡∏° Valorant ‡∏•‡∏¥‡∏Ç‡∏™‡∏¥‡∏ó‡∏ò‡∏¥‡πå‡πÅ‡∏ó‡πâ 100%, (New) Wingman Spike","21790660527","https://shopee.co.th/Valorant-Plush-%E0%B8%95%E0%B8%B8%E0%B9%8A%E0%B8%81%E0%B8%95%E0%B8%B2-Wingman-%E0%B8%AB%E0%B8%A1%E0%B8%B5-%E0%B8%81%E0%B8%A3%E0%B8%B0%E0%B8%95%E0%B9%88%E0%B8%B2%E0%B8%A2%E0%B9%81%E0%B8%A5%E0%B8%B0%E0%B9%81%E0%B8%9E%E0%B8%99%E0%B8%81%E0%B8%A7%E0%B8%B4%E0%B9%89%E0%B8%99-%E0%B8%A7%E0%B8%B4%E0%B8%87%E0%B9%81%E0%B8%A1%E0%B8%99-Bear-Rabbit-Penguin-%E0%B8%88%E0%B8%B2%E0%B8%81%E0%B9%80%E0%B8%81%E0%B8%A1-Valorant-%E0%B8%A5%E0%B8%B4%E0%B8%82%E0%B8%AA%E0%B8%B4%E0%B8%97%E0%B8%98%E0%B8%B4%E0%B9%8C%E0%B9%81%E0%B8%97%E0%B9%89-100--i.19958842.21790660527","Valorant Plush - ‡∏ï‡∏∏‡πä‡∏Å‡∏ï‡∏≤ Wingman ‡∏´‡∏°‡∏µ ‡∏Å‡∏£‡∏∞‡∏ï‡πà‡∏≤‡∏¢‡πÅ‡∏•‡∏∞‡πÅ‡∏û‡∏ô‡∏Å‡∏ß‡∏¥‡πâ‡∏ô ‡∏ß‡∏¥‡∏á‡πÅ‡∏°‡∏ô Bear Rabbit Penguin ‡∏à‡∏≤‡∏Å‡πÄ‡∏Å‡∏° Valorant ‡∏•‡∏¥‡∏Ç‡∏™‡∏¥‡∏ó‡∏ò‡∏¥‡πå‡πÅ‡∏ó‡πâ 100%","https://down-bs-us.img.susercontent.com/th-11134207-7rask-m6spd8s6ooxb98.jpg","19958842","TH","2025-09-03T01:07:28.005Z"
"143876701","143874877","m*****h","Yes","18047423114","2024-11-09T14:21:14.000Z","","5","product_quality: 5","","","Valorant Plush - ‡∏ï‡∏∏‡πä‡∏Å‡∏ï‡∏≤ Wingman ‡∏´‡∏°‡∏µ ‡∏Å‡∏£‡∏∞‡∏ï‡πà‡∏≤‡∏¢‡πÅ‡∏•‡∏∞‡πÅ‡∏û‡∏ô‡∏Å‡∏ß‡∏¥‡πâ‡∏ô ‡∏ß‡∏¥‡∏á‡πÅ‡∏°‡∏ô Bear Rabbit Penguin ‡∏à‡∏≤‡∏Å‡πÄ‡∏Å‡∏° Valorant ‡∏•‡∏¥‡∏Ç‡∏™‡∏¥‡∏ó‡∏ò‡∏¥‡πå‡πÅ‡∏ó‡πâ 100%, Wingman","21790660527","https://shopee.co.th/Valorant-Plush-%E0%B8%95%E0%B8%B8%E0%B9%8A%E0%B8%81%E0%B8%95%E0%B8%B2-Wingman-%E0%B8%AB%E0%B8%A1%E0%B8%B5-%E0%B8%81%E0%B8%A3%E0%B8%B0%E0%B8%95%E0%B9%88%E0%B8%B2%E0%B8%A2%E0%B9%81%E0%B8%A5%E0%B8%B0%E0%B9%81%E0%B8%9E%E0%B8%99%E0%B8%81%E0%B8%A7%E0%B8%B4%E0%B9%89%E0%B8%99-%E0%B8%A7%E0%B8%B4%E0%B8%87%E0%B9%81%E0%B8%A1%E0%B8%99-Bear-Rabbit-Penguin-%E0%B8%88%E0%B8%B2%E0%B8%81%E0%B9%80%E0%B8%81%E0%B8%A1-Valorant-%E0%B8%A5%E0%B8%B4%E0%B8%82%E0%B8%AA%E0%B8%B4%E0%B8%97%E0%B8%98%E0%B8%B4%E0%B9%8C%E0%B9%81%E0%B8%97%E0%B9%89-100--i.19958842.21790660527","Valorant Plush - ‡∏ï‡∏∏‡πä‡∏Å‡∏ï‡∏≤ Wingman ‡∏´‡∏°‡∏µ ‡∏Å‡∏£‡∏∞‡∏ï‡πà‡∏≤‡∏¢‡πÅ‡∏•‡∏∞‡πÅ‡∏û‡∏ô‡∏Å‡∏ß‡∏¥‡πâ‡∏ô ‡∏ß‡∏¥‡∏á‡πÅ‡∏°‡∏ô Bear Rabbit Penguin ‡∏à‡∏≤‡∏Å‡πÄ‡∏Å‡∏° Valorant ‡∏•‡∏¥‡∏Ç‡∏™‡∏¥‡∏ó‡∏ò‡∏¥‡πå‡πÅ‡∏ó‡πâ 100%","https://down-bs-us.img.susercontent.com/th-11134207-7rask-m6spd8s6ooxb98.jpg","19958842","TH","2025-09-03T01:07:28.005Z"


,"","üê∞ (Toy Alliance Limited) Monday Bruce - I don't want to work 1,2,3,4,5, üê∞ ‡πÑ‡∏°‡πà‡∏≠‡∏¢‡∏≤‡∏Å‡∏ó‡∏≥‡∏á‡∏≤‡∏ô‡πÅ‡∏•‡πâ‡∏ß ‡πÄ‡∏´‡∏ô‡∏∑‡πà‡∏≠‡∏¢ ‡∏ü‡∏¥‡∏Å‡πÄ‡∏Å‡∏≠‡∏£‡πå‡πÇ‡∏°‡πÄ‡∏î‡∏•‡∏Å‡∏£‡∏∞‡∏ï‡πà‡∏≤‡∏¢, V.1 üê∞
üê∞ (Toy Alliance Limited) Monday Bruce - I don't want to work 1,2,3,4,5, üê∞ ‡πÑ‡∏°‡πà‡∏≠‡∏¢‡∏≤‡∏Å‡∏ó‡∏≥‡∏á‡∏≤‡∏ô‡πÅ‡∏•‡πâ‡∏ß ‡πÄ‡∏´‡∏ô‡∏∑‡πà‡∏≠‡∏¢ ‡∏ü‡∏¥‡∏Å‡πÄ‡∏Å‡∏≠‡∏£‡πå‡πÇ‡∏°‡πÄ‡∏î‡∏•‡∏Å‡∏£‡∏∞‡∏ï‡πà‡∏≤‡∏¢, V.4 capibara","18489859839","https://shopee.co.th/%F0%9F%90%B0-(Toy-Alliance-Limited)-Monday-Bruce-I-don't-want-to-work-1-2-3-4-5-%F0%9F%90%B0-%E0%B9%84%E0%B8%A1%E0%B9%88%E0%B8%AD%E0%B8%A2%E0%B8%B2%E0%B8%81%E0%B8%97%E0%B8%B3%E0%B8%87%E0%B8%B2%E0%B8%99%E0%B9%81%E0%B8%A5%E0%B9%89%E0%B8%A7-%E0%B9%80%E0%B8%AB%E0%B8%99%E0%B8%B7%E0%B9%88%E0%B8%AD%E0%B8%A2-%E0%B8%9F%E0%B8%B4%E0%B8%81%E0%B9%80%E0%B8%81%E0%B8%AD%E0%B8%A3%E0%B9%8C%E0%B9%82%E0%B8%A1%E0%B9%80%E0%B8%94%E0%B8%A5%E0%B8%81%E0%B8%A3%E0%B8%B0%E0%B8%95%E0%B9%88%E0%B8%B2%E0%B8%A2-i.19958842.18489859839?sp_atk=dc7255db-3c7d-4b62-b2ac-018fe55d59cf&xptdk=dc7255db-3c7d-4b62-b2ac-018fe55d59cf","üê∞ (Toy Alliance Limited) Monday Bruce - I don't want to work 1,2,3,4,5, üê∞ ‡πÑ‡∏°‡πà‡∏≠‡∏¢‡∏≤‡∏Å‡∏ó‡∏≥‡∏á‡∏≤‡∏ô‡πÅ‡∏•‡πâ‡∏ß ‡πÄ‡∏´‡∏ô‡∏∑‡πà‡∏≠‡∏¢ ‡∏ü‡∏¥‡∏Å‡πÄ‡∏Å‡∏≠‡∏£‡πå‡πÇ‡∏°‡πÄ‡∏î‡∏•‡∏Å‡∏£‡∏∞‡∏ï‡πà‡∏≤‡∏¢","https://down-bs-us.img.susercontent.com/th-11134207-7r98z-lw9opm7kd3nzac.jpg","19958842","TH","2025-09-03T02:20:38.518Z"
"25500950","25499614","c*****5","Yes","13279938519","2023-11-20T13:20:06.000Z","‡∏Ñ‡∏∏‡∏ì‡∏†‡∏≤‡∏û:‡∏î‡∏µ

‡πÑ‡∏î‡πâ‡πÄ‡∏õ‡πá‡∏ô‡∏ï‡∏±‡∏ß Secret ‡∏ô‡πâ‡∏≠‡∏á‡∏ô‡πà‡∏≤‡∏£‡∏±‡∏Å‡∏Ñ‡πà‡∏∞ ‡∏™‡πà‡∏á‡∏°‡∏≤‡∏ï‡∏£‡∏á‡∏ï‡∏≤‡∏°‡πÄ‡∏ß‡∏•‡∏≤ ‡∏£‡∏≠‡∏ô‡∏≤‡∏ô‡πÅ‡∏ï‡πà‡∏™‡πà‡∏á‡πÅ‡∏ô‡πà‡∏ô‡∏≠‡∏ô","5","product_quality: 5
seller_service: 5
delivery_service: 5","https://down-bs-us.img.susercontent.com/th-11134103-7r990-lob7q43pj46q74.jpg","","üê∞ (Toy Alliance Limited) Monday Bruce - I don't want to work 1,2,3,4,5, üê∞ ‡πÑ‡∏°‡πà‡∏≠‡∏¢‡∏≤‡∏Å‡∏ó‡∏≥‡∏á‡∏≤‡∏ô‡πÅ‡∏•‡πâ‡∏ß ‡πÄ‡∏´‡∏ô‡∏∑‡πà‡∏≠‡∏¢ ‡∏ü‡∏¥‡∏Å‡πÄ‡∏Å‡∏≠‡∏£‡πå‡πÇ‡∏°‡πÄ‡∏î‡∏•‡∏Å‡∏£‡∏∞‡∏ï‡πà‡∏≤‡∏¢, V.1 üê∞","18489859839","https://shopee.co.th/%F0%9F%90%B0-(Toy-Alliance-Limited)-Monday-Bruce-I-don't-want-to-work-1-2-3-4-5-%F0%9F%90%B0-%E0%B9%84%E0%B8%A1%E0%B9%88%E0%B8%AD%E0%B8%A2%E0%B8%B2%E0%B8%81%E0%B8%97%E0%B8%B3%E0%B8%87%E0%B8%B2%E0%B8%99%E0%B9%81%E0%B8%A5%E0%B9%89%E0%B8%A7-%E0%B9%80%E0%B8%AB%E0%B8%99%E0%B8%B7%E0%B9%88%E0%B8%AD%E0%B8%A2-%E0%B8%9F%E0%B8%B4%E0%B8%81%E0%B9%80%E0%B8%81%E0%B8%AD%E0%B8%A3%E0%B9%8C%E0%B9%82%E0%B8%A1%E0%B9%80%E0%B8%94%E0%B8%A5%E0%B8%81%E0%B8%A3%E0%B8%B0%E0%B8%95%E0%B9%88%E0%B8%B2%E0%B8%A2-i.19958842.18489859839?sp_atk=dc7255db-3c7d-4b62-b2ac-018fe55d59cf&xptdk=dc7255db-3c7d-4b62-b2ac-018fe55d59cf","üê∞ (Toy Alliance Limited) Monday Bruce - I don't want to work 1,2,3,4,5, üê∞ ‡πÑ‡∏°‡πà‡∏≠‡∏¢‡∏≤‡∏Å‡∏ó‡∏≥‡∏á‡∏≤‡∏ô‡πÅ‡∏•‡πâ‡∏ß ‡πÄ‡∏´‡∏ô‡∏∑‡πà‡∏≠‡∏¢ ‡∏ü‡∏¥‡∏Å‡πÄ‡∏Å‡∏≠‡∏£‡πå‡πÇ‡∏°‡πÄ‡∏î‡∏•‡∏Å‡∏£‡∏∞‡∏ï‡πà‡∏≤‡∏¢","https://down-bs-us.img.susercontent.com/th-11134207-7r98z-lw9opm7kd3nzac.jpg","19958842","TH","2025-09-03T02:20:38.518Z"
"35835086","35833702","noojiebmanaruc","No","15807954076","2024-07-11T14:51:50.000Z","‡∏Ç‡∏ô‡∏™‡πà‡∏á‡∏°‡∏≤‡∏î‡∏µ ‡∏ô‡πâ‡∏≠‡∏á‡πÑ‡∏°‡πà‡πÄ‡∏™‡∏µ‡∏¢‡∏´‡∏≤‡∏¢ üòÄ","5","product_quality: 5","https://down-bs-us.img.susercontent.com/th-11134103-7r98v-lxlaixvw3gkw9c.jpg","","üê∞ (Toy Alliance Limited) Monday Bruce - I don't want to work 1,2,3,4,5, üê∞ ‡πÑ‡∏°‡πà‡∏≠‡∏¢‡∏≤‡∏Å‡∏ó‡∏≥‡∏á‡∏≤‡∏ô‡πÅ‡∏•‡πâ‡∏ß ‡πÄ‡∏´‡∏ô‡∏∑‡πà‡∏≠‡∏¢ ‡∏ü‡∏¥‡∏Å‡πÄ‡∏Å‡∏≠‡∏£‡πå‡πÇ‡∏°‡πÄ‡∏î‡∏•‡∏Å‡∏£‡∏∞‡∏ï‡πà‡∏≤‡∏¢, V.1 üê∞","18489859839","https://shopee.co.th/%F0%9F%90%B0-(Toy-Alliance-Limited)-Monday-Bruce-I-don't-want-to-work-1-2-3-4-5-%F0%9F%90%B0-%E0%B9%84%E0%B8%A1%E0%B9%88%E0%B8%AD%E0%B8%A2%E0%B8%B2%E0%B8%81%E0%B8%97%E0%B8%B3%E0%B8%87%E0%B8%B2%E0%B8%99%E0%B9%81%E0%B8%A5%E0%B9%89%E0%B8%A7-%E0%B9%80%E0%B8%AB%E0%B8%99%E0%B8%B7%E0%B9%88%E0%B8%AD%E0%B8%A2-%E0%B8%9F%E0%B8%B4%E0%B8%81%E0%B9%80%E0%B8%81%E0%B8%AD%E0%B8%A3%E0%B9%8C%E0%B9%82%E0%B8%A1%E0%B9%80%E0%B8%94%E0%B8%A5%E0%B8%81%E0%B8%A3%E0%B8%B0%E0%B8%95%E0%B9%88%E0%B8%B2%E0%B8%A2-i.19958842.18489859839?sp_atk=dc7255db-3c7d-4b62-b2ac-018fe55d59cf&xptdk=dc7255db-3c7d-4b62-b2ac-018fe55d59cf","üê∞ (Toy Alliance Limited) Monday Bruce - I don't want to work 1,2,3,4,5, üê∞ ‡πÑ‡∏°‡πà‡∏≠‡∏¢‡∏≤‡∏Å‡∏ó‡∏≥‡∏á‡∏≤‡∏ô‡πÅ‡∏•‡πâ‡∏ß ‡πÄ‡∏´‡∏ô‡∏∑‡πà‡∏≠‡∏¢ ‡∏ü‡∏¥‡∏Å‡πÄ‡∏Å‡∏≠‡∏£‡πå‡πÇ‡∏°‡πÄ‡∏î‡∏•‡∏Å‡∏£‡∏∞‡∏ï‡πà‡∏≤‡∏¢","https://down-bs-us.img.susercontent.com/th-11134207-7r98z-lw9opm7kd3nzac.jpg","19958842","TH","2025-09-03T02:20:38.518Z"
"204454798","204451576","s*****e","Yes","12717498249","2023-09-29T13:26:47.000Z","‡πÑ‡∏î‡πâ‡∏£‡∏±‡∏ö‡∏Ç‡∏≠‡∏á‡πÅ‡∏•‡πâ‡∏ß ‡∏£‡∏≠‡∏õ‡∏£‡∏∞‡∏°‡∏≤‡∏ì 2 ‡∏≠‡∏≤‡∏ó‡∏¥‡∏ï‡∏¢‡πå ‡∏û‡∏≠‡πÄ‡∏õ‡∏¥‡∏î‡∏°‡∏≤‡πÑ‡∏î‡πâsecret‡∏î‡πâ‡∏ß‡∏¢‡∏¢‡∏¢ ‡∏ô‡πâ‡∏≠‡∏á‡πÄ‡∏õ‡πá‡∏ô‡∏™‡∏µ‡πÄ‡∏ó‡∏≤‡∏≤ ‡∏ô‡πà‡∏≤‡∏£‡∏±‡∏Å‡∏°‡∏≤‡∏Å‡πÜ‡∏Ñ‡πà‡∏∞","5","product_quality: 5
seller_service: 5
delivery_service: 5","","","üê∞ (Toy Alliance Limited) Monday Bruce - I don't want to work 1,2,3,4,5, üê∞ ‡πÑ‡∏°‡πà‡∏≠‡∏¢‡∏≤‡∏Å‡∏ó‡∏≥‡∏á‡∏≤‡∏ô‡πÅ‡∏•‡πâ‡∏ß ‡πÄ‡∏´‡∏ô‡∏∑‡πà‡∏≠‡∏¢ ‡∏ü‡∏¥‡∏Å‡πÄ‡∏Å‡∏≠‡∏£‡πå‡πÇ‡∏°‡πÄ‡∏î‡∏•‡∏Å‡∏£‡∏∞‡∏ï‡πà‡∏≤‡∏¢, V.1 üê∞","18489859839","https://shopee.co.th/%F0%9F%90%B0-(Toy-Alliance-Limited)-Monday-Bruce-I-don't-want-to-work-1-2-3-4-5-%F0%9F%90%B0-%E0%B9%84%E0%B8%A1%E0%B9%88%E0%B8%AD%E0%B8%A2%E0%B8%B2%E0%B8%81%E0%B8%97%E0%B8%B3%E0%B8%87%E0%B8%B2%E0%B8%99%E0%B9%81%E0%B8%A5%E0%B9%89%E0%B8%A7-%E0%B9%80%E0%B8%AB%E0%B8%99%E0%B8%B7%E0%B9%88%E0%B8%AD%E0%B8%A2-%E0%B8%9F%E0%B8%B4%E0%B8%81%E0%B9%80%E0%B8%81%E0%B8%AD%E0%B8%A3%E0%B9%8C%E0%B9%82%E0%B8%A1%E0%B9%80%E0%B8%94%E0%B8%A5%E0%B8%81%E0%B8%A3%E0%B8%B0%E0%B8%95%E0%B9%88%E0%B8%B2%E0%B8%A2-i.19958842.18489859839?sp_atk=dc7255db-3c7d-4b62-b2ac-018fe55d59cf&xptdk=dc7255db-3c7d-4b62-b2ac-018fe55d59cf","üê∞ (Toy Alliance Limited) Monday Bruce - I don't want to work 1,2,3,4,5, üê∞ ‡πÑ‡∏°‡πà‡∏≠‡∏¢‡∏≤‡∏Å‡∏ó‡∏≥‡∏á‡∏≤‡∏ô‡πÅ‡∏•‡πâ‡∏ß ‡πÄ‡∏´‡∏ô‡∏∑‡πà‡∏≠‡∏¢ ‡∏ü‡∏¥‡∏Å‡πÄ‡∏Å‡∏≠‡∏£‡πå‡πÇ‡∏°‡πÄ‡∏î‡∏•‡∏Å‡∏£‡∏∞‡∏ï‡πà‡∏≤‡∏¢","https://down-bs-us.img.susercontent.com/th-11134207-7r98z-lw9opm7kd3nzac.jpg","19958842","TH","2025-09-03T02:20:38.518Z"
"125957172","125955348","w*****7","Yes","15997382188","2024-07-29T10:43:15.000Z","‡∏™‡πà‡∏á‡∏™‡∏¥‡∏ô‡∏Ñ‡πâ‡∏≤‡πÑ‡∏ß‡∏°‡∏≤‡∏Å‡πÜ ‡∏™‡∏¥‡∏ô‡∏Ñ‡πâ‡∏≤‡πÅ‡∏û‡πá‡∏Ñ‡∏°‡∏≤‡∏≠‡∏¢‡πà‡∏≤‡∏á ‡∏™‡∏†‡∏≤‡∏û‡∏™‡∏¥‡∏ô‡∏Ñ‡πâ‡∏≤‡∏™‡∏°‡∏ö‡∏π‡∏£‡∏ì‡πå ‡πÑ‡∏°‡πà‡∏°‡∏µ‡πÄ‡∏™‡∏µ‡∏¢‡∏´‡∏≤‡∏¢ ‡πÇ‡∏ä‡∏Ñ‡∏î‡∏µ‡∏°‡∏≤‡∏Å‡πÑ‡∏î‡πâ‡∏ã‡∏µ‡πÄ‡∏Ñ‡∏£‡∏ó‡∏î‡πâ‡∏ß‡∏¢ ‡πÅ‡∏ï‡πà‡∏û‡∏£‡πá‡∏≠‡∏û‡πÄ‡∏¢‡∏≠‡∏∞‡∏à‡∏±‡∏á ‡πÄ‡∏Å‡πá‡∏ö‡∏¢‡∏≤‡∏Å üòÖüòÖüòÖ","5","product_quality: 5
seller_service: 5
delivery_service: 5","https://down-bs-us.img.susercontent.com/th-11134103-7r98v-lyaojqj7nyjt54.jpg","https://down-zl-sg.vod.susercontent.com/api/v4/11110103/mms/th-11110103-6kgco-lyaqhvguj8u936.16000051722249697.mp4","üê∞ (Toy Alliance Limited) Monday Bruce - I don't want to work 1,2,3,4,5, üê∞ ‡πÑ‡∏°‡πà‡∏≠‡∏¢‡∏≤‡∏Å‡∏ó‡∏≥‡∏á‡∏≤‡∏ô‡πÅ‡∏•‡πâ‡∏ß ‡πÄ‡∏´‡∏ô‡∏∑‡πà‡∏≠‡∏¢ ‡∏ü‡∏¥‡∏Å‡πÄ‡∏Å‡∏≠‡∏£‡πå‡πÇ‡∏°‡πÄ‡∏î‡∏•‡∏Å‡∏£‡∏∞‡∏ï‡πà‡∏≤‡∏¢, White BEAR COOL
üê∞ (Toy Alliance Limited) Monday Bruce - I don't want to work 1,2,3,4,5, üê∞ ‡πÑ‡∏°‡πà‡∏≠‡∏¢‡∏≤‡∏Å‡∏ó‡∏≥‡∏á‡∏≤‡∏ô‡πÅ‡∏•‡πâ‡∏ß ‡πÄ‡∏´‡∏ô‡∏∑‡πà‡∏≠‡∏¢ ‡∏ü‡∏¥‡∏Å‡πÄ‡∏Å‡∏≠‡∏£‡πå‡πÇ‡∏°‡πÄ‡∏î‡∏•‡∏Å‡∏£‡∏∞‡∏ï‡πà‡∏≤‡∏¢, ‡∏û‡∏£‡πâ‡∏≠‡∏°‡∏™‡πà‡∏á V.5 ‡∏Ñ‡∏≤‡πÄ‡∏ü‡πà‡∏Å‡∏ö","18489859839","https://shopee.co.th/%F0%9F%90%B0-(Toy-Alliance-Limited)-Monday-Bruce-I-don't-want-to-work-1-2-3-4-5-%F0%9F%90%B0-%E0%B9%84%E0%B8%A1%E0%B9%88%E0%B8%AD%E0%B8%A2%E0%B8%B2%E0%B8%81%E0%B8%97%E0%B8%B3%E0%B8%87%E0%B8%B2%E0%B8%99%E0%B9%81%E0%B8%A5%E0%B9%89%E0%B8%A7-%E0%B9%80%E0%B8%AB%E0%B8%99%E0%B8%B7%E0%B9%88%E0%B8%AD%E0%B8%A2-%E0%B8%9F%E0%B8%B4%E0%B8%81%E0%B9%80%E0%B8%81%E0%B8%AD%E0%B8%A3%E0%B9%8C%E0%B9%82%E0%B8%A1%E0%B9%80%E0%B8%94%E0%B8%A5%E0%B8%81%E0%B8%A3%E0%B8%B0%E0%B8%95%E0%B9%88%E0%B8%B2%E0%B8%A2-i.19958842.18489859839?sp_atk=dc7255db-3c7d-4b62-b2ac-018fe55d59cf&xptdk=dc7255db-3c7d-4b62-b2ac-018fe55d59cf","üê∞ (Toy Alliance Limited) Monday Bruce - I don't want to work 1,2,3,4,5, üê∞ ‡πÑ‡∏°‡πà‡∏≠‡∏¢‡∏≤‡∏Å‡∏ó‡∏≥‡∏á‡∏≤‡∏ô‡πÅ‡∏•‡πâ‡∏ß ‡πÄ‡∏´‡∏ô‡∏∑‡πà‡∏≠‡∏¢ ‡∏ü‡∏¥‡∏Å‡πÄ‡∏Å‡∏≠‡∏£‡πå‡πÇ‡∏°‡πÄ‡∏î‡∏•‡∏Å‡∏£‡∏∞‡∏ï‡πà‡∏≤‡∏¢","https://down-bs-us.img.susercontent.com/th-11134207-7r98z-lw9opm7kd3nzac.jpg","19958842","TH","2025-09-03T02:20:38.518Z"
"147836235","147834411","s*****3","Yes","15933088853","2024-07-23T06:14:26.000Z","‡∏™‡∏¥‡∏ô‡∏Ñ‡πâ‡∏≤‡∏™‡πà‡∏á‡πÑ‡∏ß‡∏°‡∏≤‡∏Å‡∏Å‡∏Ñ‡πà‡∏∞ ‡∏™‡∏±‡πà‡∏á‡∏ß‡∏±‡∏ô‡πÄ‡∏î‡∏µ‡∏¢‡∏ß‡πÑ‡∏î‡πâ‡πÄ‡∏•‡∏¢ ‡∏™‡∏¥‡∏ô‡∏Ñ‡πâ‡∏≤‡∏ô‡πà‡∏≤‡πÉ‡∏ä‡πâ ‡πÑ‡∏î‡πâ‡∏°‡∏≤‡πÉ‡∏ô‡∏£‡∏≤‡∏Ñ‡∏≤‡∏û‡∏¥‡πÄ‡∏®‡∏©‡∏î‡πâ‡∏ß‡∏¢‡∏¢‡∏¥‡πà‡∏á‡∏î‡∏µ ‡πÅ‡∏ö‡∏ö‡∏ô‡∏µ‡πâ‡∏≠‡∏∏‡∏î‡∏´‡∏ô‡∏∏‡∏ô‡∏≠‡∏µ‡∏Å‡∏¢‡∏≤‡∏ß‡πÜ‡πÅ‡∏ô‡πà‡∏ô‡∏≠‡∏ô‡∏Ñ‡πà‡∏≤","5","product_quality: 5
seller_service: 5
delivery_service: 5","https://down-bs-us.img.susercontent.com/th-11134103-7r992-ly1wghijdaz315.jpg","https://down-zl-sg.vod.susercontent.com/api/v4/11110103/mms/th-11110103-6kgcp-ly1wnyxksofk5c.16000051721715264.mp4","üê∞ (Toy Alliance Limited) Monday Bruce - I don't want to work 1,2,3,4,5, üê∞ ‡πÑ‡∏°‡πà‡∏≠‡∏¢‡∏≤‡∏Å‡∏ó‡∏≥‡∏á‡∏≤‡∏ô‡πÅ‡∏•‡πâ‡∏ß ‡πÄ‡∏´‡∏ô‡∏∑‡πà‡∏≠‡∏¢ ‡∏ü‡∏¥‡∏Å‡πÄ‡∏Å‡∏≠‡∏£‡πå‡πÇ‡∏°‡πÄ‡∏î‡∏•‡∏Å‡∏£‡∏∞‡∏ï‡πà‡∏≤‡∏¢, V.1 üê∞","18489859839","https://shopee.co.th/%F0%9F%90%B0-(Toy-Alliance-Limited)-Monday-Bruce-I-don't-want-to-work-1-2-3-4-5-%F0%9F%90%B0-%E0%B9%84%E0%B8%A1%E0%B9%88%E0%B8%AD%E0%B8%A2%E0%B8%B2%E0%B8%81%E0%B8%97%E0%B8%B3%E0%B8%87%E0%B8%B2%E0%B8%99%E0%B9%81%E0%B8%A5%E0%B9%89%E0%B8%A7-%E0%B9%80%E0%B8%AB%E0%B8%99%E0%B8%B7%E0%B9%88%E0%B8%AD%E0%B8%A2-%E0%B8%9F%E0%B8%B4%E0%B8%81%E0%B9%80%E0%B8%81%E0%B8%AD%E0%B8%A3%E0%B9%8C%E0%B9%82%E0%B8%A1%E0%B9%80%E0%B8%94%E0%B8%A5%E0%B8%81%E0%B8%A3%E0%B8%B0%E0%B8%95%E0%B9%88%E0%B8%B2%E0%B8%A2-i.19958842.18489859839?sp_atk=dc7255db-3c7d-4b62-b2ac-018fe55d59cf&xptdk=dc7255db-3c7d-4b62-b2ac-018fe55d59cf","üê∞ (Toy Alliance Limited) Monday Bruce - I don't want to work 1,2,3,4,5, üê∞ ‡πÑ‡∏°‡πà‡∏≠‡∏¢‡∏≤‡∏Å‡∏ó‡∏≥‡∏á‡∏≤‡∏ô‡πÅ‡∏•‡πâ‡∏ß ‡πÄ‡∏´‡∏ô‡∏∑‡πà‡∏≠‡∏¢ ‡∏ü‡∏¥‡∏Å‡πÄ‡∏Å‡∏≠‡∏£‡πå‡πÇ‡∏°‡πÄ‡∏î‡∏•‡∏Å‡∏£‡∏∞‡∏ï‡πà‡∏≤‡∏¢","https://down-bs-us.img.susercontent.com/th-11134207-7r98z-lw9opm7kd3nzac.jpg","19958842","TH","2025-09-03T02:20:38.518Z"
"16097708","16096372","l*****x","Yes","12223655451","2023-08-09T11:30:31.000Z","‡∏ô‡πâ‡∏≠‡∏á‡∏ô‡πà‡∏≤‡∏£‡∏±‡∏Å‡∏°‡∏≤‡∏Å‡πÜ‡∏Ñ‡πà‡∏≤‡∏≤‡∏≤‡∏≤","5","product_quality: 5","","","üê∞ (Toy Alliance Limited) Monday Bruce - I don't want to work 1,2,3,4,5, üê∞ ‡πÑ‡∏°‡πà‡∏≠‡∏¢‡∏≤‡∏Å‡∏ó‡∏≥‡∏á‡∏≤‡∏ô‡πÅ‡∏•‡πâ‡∏ß ‡πÄ‡∏´‡∏ô‡∏∑‡πà‡∏≠‡∏¢ ‡∏ü‡∏¥‡∏Å‡πÄ‡∏Å‡∏≠‡∏£‡πå‡πÇ‡∏°‡πÄ‡∏î‡∏•‡∏Å‡∏£‡∏∞‡∏ï‡πà‡∏≤‡∏¢, V.1 üê∞","18489859839","https://shopee.co.th/%F0%9F%90%B0-(Toy-Alliance-Limited)-Monday-Bruce-I-don't-want-to-work-1-2-3-4-5-%F0%9F%90%B0-%E0%B9%84%E0%B8%A1%E0%B9%88%E0%B8%AD%E0%B8%A2%E0%B8%B2%E0%B8%81%E0%B8%97%E0%B8%B3%E0%B8%87%E0%B8%B2%E0%B8%99%E0%B9%81%E0%B8%A5%E0%B9%89%E0%B8%A7-%E0%B9%80%E0%B8%AB%E0%B8%99%E0%B8%B7%E0%B9%88%E0%B8%AD%E0%B8%A2-%E0%B8%9F%E0%B8%B4%E0%B8%81%E0%B9%80%E0%B8%81%E0%B8%AD%E0%B8%A3%E0%B9%8C%E0%B9%82%E0%B8%A1%E0%B9%80%E0%B8%94%E0%B8%A5%E0%B8%81%E0%B8%A3%E0%B8%B0%E0%B8%95%E0%B9%88%E0%B8%B2%E0%B8%A2-i.19958842.18489859839?sp_atk=dc7255db-3c7d-4b62-b2ac-018fe55d59cf&xptdk=dc7255db-3c7d-4b62-b2ac-018fe55d59cf","üê∞ (Toy Alliance Limited) Monday Bruce - I don't want to work 1,2,3,4,5, üê∞ ‡πÑ‡∏°‡πà‡∏≠‡∏¢‡∏≤‡∏Å‡∏ó‡∏≥‡∏á‡∏≤‡∏ô‡πÅ‡∏•‡πâ‡∏ß ‡πÄ‡∏´‡∏ô‡∏∑‡πà‡∏≠‡∏¢ ‡∏ü‡∏¥‡∏Å‡πÄ‡∏Å‡∏≠‡∏£‡πå‡πÇ‡∏°‡πÄ‡∏î‡∏•‡∏Å‡∏£‡∏∞‡∏ï‡πà‡∏≤‡∏¢","https://down-bs-us.img.susercontent.com/th-11134207-7r98z-lw9opm7kd3nzac.jpg","19958842","TH","2025-09-03T02:20:44.434Z"
"138108502","138106678","pearynead","No","16280376467","2024-08-23T16:43:23.000Z","","5","product_quality: 5","","","üê∞ (Toy Alliance Limited) Monday Bruce - I don't want to work 1,2,3,4,5, üê∞ ‡πÑ‡∏°‡πà‡∏≠‡∏¢‡∏≤‡∏Å‡∏ó‡∏≥‡∏á‡∏≤‡∏ô‡πÅ‡∏•‡πâ‡∏ß ‡πÄ‡∏´‡∏ô‡∏∑‡πà‡∏≠‡∏¢ ‡∏ü‡∏¥‡∏Å‡πÄ‡∏Å‡∏≠‡∏£‡πå‡πÇ‡∏°‡πÄ‡∏î‡∏•‡∏Å‡∏£‡∏∞‡∏ï‡πà‡∏≤‡∏¢, V.4 capibara","18489859839","https://shopee.co.th/%F0%9F%90%B0-(Toy-Alliance-Limited)-Monday-Bruce-I-don't-want-to-work-1-2-3-4-5-%F0%9F%90%B0-%E0%B9%84%E0%B8%A1%E0%B9%88%E0%B8%AD%E0%B8%A2%E0%B8%B2%E0%B8%81%E0%B8%97%E0%B8%B3%E0%B8%87%E0%B8%B2%E0%B8%99%E0%B9%81%E0%B8%A5%E0%B9%89%E0%B8%A7-%E0%B9%80%E0%B8%AB%E0%B8%99%E0%B8%B7%E0%B9%88%E0%B8%AD%E0%B8%A2-%E0%B8%9F%E0%B8%B4%E0%B8%81%E0%B9%80%E0%B8%81%E0%B8%AD%E0%B8%A3%E0%B9%8C%E0%B9%82%E0%B8%A1%E0%B9%80%E0%B8%94%E0%B8%A5%E0%B8%81%E0%B8%A3%E0%B8%B0%E0%B8%95%E0%B9%88%E0%B8%B2%E0%B8%A2-i.19958842.18489859839?sp_atk=dc7255db-3c7d-4b62-b2ac-018fe55d59cf&xptdk=dc7255db-3c7d-4b62-b2ac-018fe55d59cf","üê∞ (Toy Alliance Limited) Monday Bruce - I don't want to work 1,2,3,4,5, üê∞ ‡πÑ‡∏°‡πà‡∏≠‡∏¢‡∏≤‡∏Å‡∏ó‡∏≥‡∏á‡∏≤‡∏ô‡πÅ‡∏•‡πâ‡∏ß ‡πÄ‡∏´‡∏ô‡∏∑‡πà‡∏≠‡∏¢ ‡∏ü‡∏¥‡∏Å‡πÄ‡∏Å‡∏≠‡∏£‡πå‡πÇ‡∏°‡πÄ‡∏î‡∏•‡∏Å‡∏£‡∏∞‡∏ï‡πà‡∏≤‡∏¢","https://down-bs-us.img.susercontent.com/th-11134207-7r98z-lw9opm7kd3nzac.jpg","19958842","TH","2025-09-03T02:20:44.434Z"
"100679392","100677914","tidrugchanok","No","16255288981","2024-08-21T11:16:12.000Z","","5","product_quality: 5","","","üê∞ (Toy Alliance Limited) Monday Bruce - I don't want to work 1,2,3,4,5, üê∞ ‡πÑ‡∏°‡πà‡∏≠‡∏¢‡∏≤‡∏Å‡∏ó‡∏≥‡∏á‡∏≤‡∏ô‡πÅ‡∏•‡πâ‡∏ß ‡πÄ‡∏´‡∏ô‡∏∑‡πà‡∏≠‡∏¢ ‡∏ü‡∏¥‡∏Å‡πÄ‡∏Å‡∏≠‡∏£‡πå‡πÇ‡∏°‡πÄ‡∏î‡∏•‡∏Å‡∏£‡∏∞‡∏ï‡πà‡∏≤‡∏¢, V.4 capibara","18489859839","https://shopee.co.th/%F0%9F%90%B0-(Toy-Alliance-Limited)-Monday-Bruce-I-don't-want-to-work-1-2-3-4-5-%F0%9F%90%B0-%E0%B9%84%E0%B8%A1%E0%B9%88%E0%B8%AD%E0%B8%A2%E0%B8%B2%E0%B8%81%E0%B8%97%E0%B8%B3%E0%B8%87%E0%B8%B2%E0%B8%99%E0%B9%81%E0%B8%A5%E0%B9%89%E0%B8%A7-%E0%B9%80%E0%B8%AB%E0%B8%99%E0%B8%B7%E0%B9%88%E0%B8%AD%E0%B8%A2-%E0%B8%9F%E0%B8%B4%E0%B8%81%E0%B9%80%E0%B8%81%E0%B8%AD%E0%B8%A3%E0%B9%8C%E0%B9%82%E0%B8%A1%E0%B9%80%E0%B8%94%E0%B8%A5%E0%B8%81%E0%B8%A3%E0%B8%B0%E0%B8%95%E0%B9%88%E0%B8%B2%E0%B8%A2-i.19958842.18489859839?sp_atk=dc7255db-3c7d-4b62-b2ac-018fe55d59cf&xptdk=dc7255db-3c7d-4b62-b2ac-018fe55d59cf","üê∞ (Toy Alliance Limited) Monday Bruce - I don't want to work 1,2,3,4,5, üê∞ ‡πÑ‡∏°‡πà‡∏≠‡∏¢‡∏≤‡∏Å‡∏ó‡∏≥‡∏á‡∏≤‡∏ô‡πÅ‡∏•‡πâ‡∏ß ‡πÄ‡∏´‡∏ô‡∏∑‡πà‡∏≠‡∏¢ ‡∏ü‡∏¥‡∏Å‡πÄ‡∏Å‡∏≠‡∏£‡πå‡πÇ‡∏°‡πÄ‡∏î‡∏•‡∏Å‡∏£‡∏∞‡∏ï‡πà‡∏≤‡∏¢","https://down-bs-us.img.susercontent.com/th-11134207-7r98z-lw9opm7kd3nzac.jpg","19958842","TH","2025-09-03T02:20:44.434Z"
"102843823","102842344","nookpalo","No","16250900144","2024-08-21T04:42:21.000Z","","4","product_quality: 4","","","üê∞ (Toy Alliance Limited) Monday Bruce - I don't want to work 1,2,3,4,5, üê∞ ‡πÑ‡∏°‡πà‡∏≠‡∏¢‡∏≤‡∏Å‡∏ó‡∏≥‡∏á‡∏≤‡∏ô‡πÅ‡∏•‡πâ‡∏ß ‡πÄ‡∏´‡∏ô‡∏∑‡πà‡∏≠‡∏¢ ‡∏ü‡∏¥‡∏Å‡πÄ‡∏Å‡∏≠‡∏£‡πå‡πÇ‡∏°‡πÄ‡∏î‡∏•‡∏Å‡∏£‡∏∞‡∏ï‡πà‡∏≤‡∏¢, V.4 capibara","18489859839","https://shopee.co.th/%F0%9F%90%B0-(Toy-Alliance-Limited)-Monday-Bruce-I-don't-want-to-work-1-2-3-4-5-%F0%9F%90%B0-%E0%B9%84%E0%B8%A1%E0%B9%88%E0%B8%AD%E0%B8%A2%E0%B8%B2%E0%B8%81%E0%B8%97%E0%B8%B3%E0%B8%87%E0%B8%B2%E0%B8%99%E0%B9%81%E0%B8%A5%E0%B9%89%E0%B8%A7-%E0%B9%80%E0%B8%AB%E0%B8%99%E0%B8%B7%E0%B9%88%E0%B8%AD%E0%B8%A2-%E0%B8%9F%E0%B8%B4%E0%B8%81%E0%B9%80%E0%B8%81%E0%B8%AD%E0%B8%A3%E0%B9%8C%E0%B9%82%E0%B8%A1%E0%B9%80%E0%B8%94%E0%B8%A5%E0%B8%81%E0%B8%A3%E0%B8%B0%E0%B8%95%E0%B9%88%E0%B8%B2%E0%B8%A2-i.19958842.18489859839?sp_atk=dc7255db-3c7d-4b62-b2ac-018fe55d59cf&xptdk=dc7255db-3c7d-4b62-b2ac-018fe55d59cf","üê∞ (Toy Alliance Limited) Monday Bruce - I don't want to work 1,2,3,4,5, üê∞ ‡πÑ‡∏°‡πà‡∏≠‡∏¢‡∏≤‡∏Å‡∏ó‡∏≥‡∏á‡∏≤‡∏ô‡πÅ‡∏•‡πâ‡∏ß ‡πÄ‡∏´‡∏ô‡∏∑‡πà‡∏≠‡∏¢ ‡∏ü‡∏¥‡∏Å‡πÄ‡∏Å‡∏≠‡∏£‡πå‡πÇ‡∏°‡πÄ‡∏î‡∏•‡∏Å‡∏£‡∏∞‡∏ï‡πà‡∏≤‡∏¢","https://down-bs-us.img.susercontent.com/th-11134207-7r98z-lw9opm7kd3nzac.jpg","19958842","TH","2025-09-03T02:20:44.434Z"
"34038992","34037608","campanellasama","No","16226168462","2024-08-18T13:12:25.000Z","","5","product_quality: 5","","","üê∞ (Toy Alliance Limited) Monday Bruce - I don't want to work 1,2,3,4,5, üê∞ ‡πÑ‡∏°‡πà‡∏≠‡∏¢‡∏≤‡∏Å‡∏ó‡∏≥‡∏á‡∏≤‡∏ô‡πÅ‡∏•‡πâ‡∏ß ‡πÄ‡∏´‡∏ô‡∏∑‡πà‡∏≠‡∏¢ ‡∏ü‡∏¥‡∏Å‡πÄ‡∏Å‡∏≠‡∏£‡πå‡πÇ‡∏°‡πÄ‡∏î‡∏•‡∏Å‡∏£‡∏∞‡∏ï‡πà‡∏≤‡∏¢, V.4 capibara","18489859839","https://shopee.co.th/%F0%9F%90%B0-(Toy-Alliance-Limited)-Monday-Bruce-I-don't-want-to-work-1-2-3-4-5-%F0%9F%90%B0-%E0%B9%84%E0%B8%A1%E0%B9%88%E0%B8%AD%E0%B8%A2%E0%B8%B2%E0%B8%81%E0%B8%97%E0%B8%B3%E0%B8%87%E0%B8%B2%E0%B8%99%E0%B9%81%E0%B8%A5%E0%B9%89%E0%B8%A7-%E0%B9%80%E0%B8%AB%E0%B8%99%E0%B8%B7%E0%B9%88%E0%B8%AD%E0%B8%A2-%E0%B8%9F%E0%B8%B4%E0%B8%81%E0%B9%80%E0%B8%81%E0%B8%AD%E0%B8%A3%E0%B9%8C%E0%B9%82%E0%B8%A1%E0%B9%80%E0%B8%94%E0%B8%A5%E0%B8%81%E0%B8%A3%E0%B8%B0%E0%B8%95%E0%B9%88%E0%B8%B2%E0%B8%A2-i.19958842.18489859839?sp_atk=dc7255db-3c7d-4b62-b2ac-018fe55d59cf&xptdk=dc7255db-3c7d-4b62-b2ac-018fe55d59cf","üê∞ (Toy Alliance Limited) Monday Bruce - I don't want to work 1,2,3,4,5, üê∞ ‡πÑ‡∏°‡πà‡∏≠‡∏¢‡∏≤‡∏Å‡∏ó‡∏≥‡∏á‡∏≤‡∏ô‡πÅ‡∏•‡πâ‡∏ß ‡πÄ‡∏´‡∏ô‡∏∑‡πà‡∏≠‡∏¢ ‡∏ü‡∏¥‡∏Å‡πÄ‡∏Å‡∏≠‡∏£‡πå‡πÇ‡∏°‡πÄ‡∏î‡∏•‡∏Å‡∏£‡∏∞‡∏ï‡πà‡∏≤‡∏¢","https://down-bs-us.img.susercontent.com/th-11134207-7r98z-lw9opm7kd3nzac.jpg","19958842","TH","2025-09-03T02:20:44.434Z"
"30980355","30978971","catdogfox","No","16226373175","2024-08-18T13:34:14.000Z","","5","product_quality: 5","","","üê∞ (Toy Alliance Limited) Monday Bruce - I don't want to work 1,2,3,4,5, üê∞ ‡πÑ‡∏°‡πà‡∏≠‡∏¢‡∏≤‡∏Å‡∏ó‡∏≥‡∏á‡∏≤‡∏ô‡πÅ‡∏•‡πâ‡∏ß ‡πÄ‡∏´‡∏ô‡∏∑‡πà‡∏≠‡∏¢ ‡∏ü‡∏¥‡∏Å‡πÄ‡∏Å‡∏≠‡∏£‡πå‡πÇ‡∏°‡πÄ‡∏î‡∏•‡∏Å‡∏£‡∏∞‡∏ï‡πà‡∏≤‡∏¢, V.1 üê∞","18489859839","https://shopee.co.th/%F0%9F%90%B0-(Toy-Alliance-Limited)-Monday-Bruce-I-don't-want-to-work-1-2-3-4-5-%F0%9F%90%B0-%E0%B9%84%E0%B8%A1%E0%B9%88%E0%B8%AD%E0%B8%A2%E0%B8%B2%E0%B8%81%E0%B8%97%E0%B8%B3%E0%B8%87%E0%B8%B2%E0%B8%99%E0%B9%81%E0%B8%A5%E0%B9%89%E0%B8%A7-%E0%B9%80%E0%B8%AB%E0%B8%99%E0%B8%B7%E0%B9%88%E0%B8%AD%E0%B8%A2-%E0%B8%9F%E0%B8%B4%E0%B8%81%E0%B9%80%E0%B8%81%E0%B8%AD%E0%B8%A3%E0%B9%8C%E0%B9%82%E0%B8%A1%E0%B9%80%E0%B8%94%E0%B8%A5%E0%B8%81%E0%B8%A3%E0%B8%B0%E0%B8%95%E0%B9%88%E0%B8%B2%E0%B8%A2-i.19958842.18489859839?sp_atk=dc7255db-3c7d-4b62-b2ac-018fe55d59cf&xptdk=dc7255db-3c7d-4b62-b2ac-018fe55d59cf","üê∞ (Toy Alliance Limited) Monday Bruce - I don't want to work 1,2,3,4,5, üê∞ ‡πÑ‡∏°‡πà‡∏≠‡∏¢‡∏≤‡∏Å‡∏ó‡∏≥‡∏á‡∏≤‡∏ô‡πÅ‡∏•‡πâ‡∏ß ‡πÄ‡∏´‡∏ô‡∏∑‡πà‡∏≠‡∏¢ ‡∏ü‡∏¥‡∏Å‡πÄ‡∏Å‡∏≠‡∏£‡πå‡πÇ‡∏°‡πÄ‡∏î‡∏•‡∏Å‡∏£‡∏∞‡∏ï‡πà‡∏≤‡∏¢","https://down-bs-us.img.susercontent.com/th-11134207-7r98z-lw9opm7kd3nzac.jpg","19958842","TH","2025-09-03T02:20:44.434Z"
"414878534","414858957","linfang3525","No","16228052654","2024-08-18T19:54:47.000Z","","5","product_quality: 5
seller_service: 4
delivery_service: 4","","","üê∞ (Toy Alliance Limited) Monday Bruce - I don't want to work 1,2,3,4,5, üê∞ ‡πÑ‡∏°‡πà‡∏≠‡∏¢‡∏≤‡∏Å‡∏ó‡∏≥‡∏á‡∏≤‡∏ô‡πÅ‡∏•‡πâ‡∏ß ‡πÄ‡∏´‡∏ô‡∏∑‡πà‡∏≠‡∏¢ ‡∏ü‡∏¥‡∏Å‡πÄ‡∏Å‡∏≠‡∏£‡πå‡πÇ‡∏°‡πÄ‡∏î‡∏•‡∏Å‡∏£‡∏∞‡∏ï‡πà‡∏≤‡∏¢, V.1 üê∞","18489859839","https://shopee.co.th/%F0%9F%90%B0-(Toy-Alliance-Limited)-Monday-Bruce-I-don't-want-to-work-1-2-3-4-5-%F0%9F%90%B0-%E0%B9%84%E0%B8%A1%E0%B9%88%E0%B8%AD%E0%B8%A2%E0%B8%B2%E0%B8%81%E0%B8%97%E0%B8%B3%E0%B8%87%E0%B8%B2%E0%B8%99%E0%B9%81%E0%B8%A5%E0%B9%89%E0%B8%A7-%E0%B9%80%E0%B8%AB%E0%B8%99%E0%B8%B7%E0%B9%88%E0%B8%AD%E0%B8%A2-%E0%B8%9F%E0%B8%B4%E0%B8%81%E0%B9%80%E0%B8%81%E0%B8%AD%E0%B8%A3%E0%B9%8C%E0%B9%82%E0%B8%A1%E0%B9%80%E0%B8%94%E0%B8%A5%E0%B8%81%E0%B8%A3%E0%B8%B0%E0%B8%95%E0%B9%88%E0%B8%B2%E0%B8%A2-i.19958842.18489859839?sp_atk=dc7255db-3c7d-4b62-b2ac-018fe55d59cf&xptdk=dc7255db-3c7d-4b62-b2ac-018fe55d59cf","üê∞ (Toy Alliance Limited) Monday Bruce - I don't want to work 1,2,3,4,5, üê∞ ‡πÑ‡∏°‡πà‡∏≠‡∏¢‡∏≤‡∏Å‡∏ó‡∏≥‡∏á‡∏≤‡∏ô‡πÅ‡∏•‡πâ‡∏ß ‡πÄ‡∏´‡∏ô‡∏∑‡πà‡∏≠‡∏¢ ‡∏ü‡∏¥‡∏Å‡πÄ‡∏Å‡∏≠‡∏£‡πå‡πÇ‡∏°‡πÄ‡∏î‡∏•‡∏Å‡∏£‡∏∞‡∏ï‡πà‡∏≤‡∏¢","https://down-bs-us.img.susercontent.com/th-11134207-7r98z-lw9opm7kd3nzac.jpg","19958842","TH","2025-09-03T02:20:51.615Z"
"331886782","331867207","rki0iwsyo8xij8jhr_3ofghv_uq4","No","16229908647","2024-08-19T03:00:31.000Z","","5","product_quality: 5","","","üê∞ (Toy Alliance Limited) Monday Bruce - I don't want to work 1,2,3,4,5, üê∞ ‡πÑ‡∏°‡πà‡∏≠‡∏¢‡∏≤‡∏Å‡∏ó‡∏≥‡∏á‡∏≤‡∏ô‡πÅ‡∏•‡πâ‡∏ß ‡πÄ‡∏´‡∏ô‡∏∑‡πà‡∏≠‡∏¢ ‡∏ü‡∏¥‡∏Å‡πÄ‡∏Å‡∏≠‡∏£‡πå‡πÇ‡∏°‡πÄ‡∏î‡∏•‡∏Å‡∏£‡∏∞‡∏ï‡πà‡∏≤‡∏¢, V.1 üê∞","18489859839","https://shopee.co.th/%F0%9F%90%B0-(Toy-Alliance-Limited)-Monday-Bruce-I-don't-want-to-work-1-2-3-4-5-%F0%9F%90%B0-%E0%B9%84%E0%B8%A1%E0%B9%88%E0%B8%AD%E0%B8%A2%E0%B8%B2%E0%B8%81%E0%B8%97%E0%B8%B3%E0%B8%87%E0%B8%B2%E0%B8%99%E0%B9%81%E0%B8%A5%E0%B9%89%E0%B8%A7-%E0%B9%80%E0%B8%AB%E0%B8%99%E0%B8%B7%E0%B9%88%E0%B8%AD%E0%B8%A2-%E0%B8%9F%E0%B8%B4%E0%B8%81%E0%B9%80%E0%B8%81%E0%B8%AD%E0%B8%A3%E0%B9%8C%E0%B9%82%E0%B8%A1%E0%B9%80%E0%B8%94%E0%B8%A5%E0%B8%81%E0%B8%A3%E0%B8%B0%E0%B8%95%E0%B9%88%E0%B8%B2%E0%B8%A2-i.19958842.18489859839?sp_atk=dc7255db-3c7d-4b62-b2ac-018fe55d59cf&xptdk=dc7255db-3c7d-4b62-b2ac-018fe55d59cf","üê∞ (Toy Alliance Limited) Monday Bruce - I don't want to work 1,2,3,4,5, üê∞ ‡πÑ‡∏°‡πà‡∏≠‡∏¢‡∏≤‡∏Å‡∏ó‡∏≥‡∏á‡∏≤‡∏ô‡πÅ‡∏•‡πâ‡∏ß ‡πÄ‡∏´‡∏ô‡∏∑‡πà‡∏≠‡∏¢ ‡∏ü‡∏¥‡∏Å‡πÄ‡∏Å‡∏≠‡∏£‡πå‡πÇ‡∏°‡πÄ‡∏î‡∏•‡∏Å‡∏£‡∏∞‡∏ï‡πà‡∏≤‡∏¢","https://down-bs-us.img.susercontent.com/th-11134207-7r98z-lw9opm7kd3nzac.jpg","19958842","TH","2025-09-03T02:20:51.615Z"
"72541105","72539642","krirksaksutz","No","16020867042","2024-07-31T13:20:13.000Z","","5","product_quality: 5
seller_service: 5
delivery_service: 5","","","üê∞ (Toy Alliance Limited) Monday Bruce - I don't want to work 1,2,3,4,5, üê∞ ‡πÑ‡∏°‡πà‡∏≠‡∏¢‡∏≤‡∏Å‡∏ó‡∏≥‡∏á‡∏≤‡∏ô‡πÅ‡∏•‡πâ‡∏ß ‡πÄ‡∏´‡∏ô‡∏∑‡πà‡∏≠‡∏¢ ‡∏ü‡∏¥‡∏Å‡πÄ‡∏Å‡∏≠‡∏£‡πå‡πÇ‡∏°‡πÄ‡∏î‡∏•‡∏Å‡∏£‡∏∞‡∏ï‡πà‡∏≤‡∏¢, V.3 ‡∏£‡∏ñ‡πÑ‡∏ü‡∏ü‡πâ‡∏≤
üê∞ (Toy Alliance Limited) Monday Bruce - I don't want to work 1,2,3,4,5, üê∞ ‡πÑ‡∏°‡πà‡∏≠‡∏¢‡∏≤‡∏Å‡∏ó‡∏≥‡∏á‡∏≤‡∏ô‡πÅ‡∏•‡πâ‡∏ß ‡πÄ‡∏´‡∏ô‡∏∑‡πà‡∏≠‡∏¢ ‡∏ü‡∏¥‡∏Å‡πÄ‡∏Å‡∏≠‡∏£‡πå‡πÇ‡∏°‡πÄ‡∏î‡∏•‡∏Å‡∏£‡∏∞‡∏ï‡πà‡∏≤‡∏¢, V.1 üê∞","18489859839","https://shopee.co.th/%F0%9F%90%B0-(Toy-Alliance-Limited)-Monday-Bruce-I-don't-want-to-work-1-2-3-4-5-%F0%9F%90%B0-%E0%B9%84%E0%B8%A1%E0%B9%88%E0%B8%AD%E0%B8%A2%E0%B8%B2%E0%B8%81%E0%B8%97%E0%B8%B3%E0%B8%87%E0%B8%B2%E0%B8%99%E0%B9%81%E0%B8%A5%E0%B9%89%E0%B8%A7-%E0%B9%80%E0%B8%AB%E0%B8%99%E0%B8%B7%E0%B9%88%E0%B8%AD%E0%B8%A2-%E0%B8%9F%E0%B8%B4%E0%B8%81%E0%B9%80%E0%B8%81%E0%B8%AD%E0%B8%A3%E0%B9%8C%E0%B9%82%E0%B8%A1%E0%B9%80%E0%B8%94%E0%B8%A5%E0%B8%81%E0%B8%A3%E0%B8%B0%E0%B8%95%E0%B9%88%E0%B8%B2%E0%B8%A2-i.19958842.18489859839?sp_atk=dc7255db-3c7d-4b62-b2ac-018fe55d59cf&xptdk=dc7255db-3c7d-4b62-b2ac-018fe55d59cf","üê∞ (Toy Alliance Limited) Monday Bruce - I don't want to work 1,2,3,4,5, üê∞ ‡πÑ‡∏°‡πà‡∏≠‡∏¢‡∏≤‡∏Å‡∏ó‡∏≥‡∏á‡∏≤‡∏ô‡πÅ‡∏•‡πâ‡∏ß ‡πÄ‡∏´‡∏ô‡∏∑‡πà‡∏≠‡∏¢ ‡∏ü‡∏¥‡∏Å‡πÄ‡∏Å‡∏≠‡∏£‡πå‡πÇ‡∏°‡πÄ‡∏î‡∏•‡∏Å‡∏£‡∏∞‡∏ï‡πà‡∏≤‡∏¢","https://down-bs-us.img.susercontent.com/th-11134207-7r98z-lw9opm7kd3nzac.jpg","19958842","TH","2025-09-03T02:20:51.615Z"
"52556470","52555082","rny.co","No","15988841828","2024-07-28T13:43:41.000Z","","5","product_quality: 5
seller_service: 5
delivery_service: 5","","","üê∞ (Toy Alliance Limited) Monday Bruce - I don't want to work 1,2,3,4,5, üê∞ ‡πÑ‡∏°‡πà‡∏≠‡∏¢‡∏≤‡∏Å‡∏ó‡∏≥‡∏á‡∏≤‡∏ô‡πÅ‡∏•‡πâ‡∏ß ‡πÄ‡∏´‡∏ô‡∏∑‡πà‡∏≠‡∏¢ ‡∏ü‡∏¥‡∏Å‡πÄ‡∏Å‡∏≠‡∏£‡πå‡πÇ‡∏°‡πÄ‡∏î‡∏•‡∏Å‡∏£‡∏∞‡∏ï‡πà‡∏≤‡∏¢, V.1 üê∞","18489859839","https://shopee.co.th/%F0%9F%90%B0-(Toy-Alliance-Limited)-Monday-Bruce-I-don't-want-to-work-1-2-3-4-5-%F0%9F%90%B0-%E0%B9%84%E0%B8%A1%E0%B9%88%E0%B8%AD%E0%B8%A2%E0%B8%B2%E0%B8%81%E0%B8%97%E0%B8%B3%E0%B8%87%E0%B8%B2%E0%B8%99%E0%B9%81%E0%B8%A5%E0%B9%89%E0%B8%A7-%E0%B9%80%E0%B8%AB%E0%B8%99%E0%B8%B7%E0%B9%88%E0%B8%AD%E0%B8%A2-%E0%B8%9F%E0%B8%B4%E0%B8%81%E0%B9%80%E0%B8%81%E0%B8%AD%E0%B8%A3%E0%B9%8C%E0%B9%82%E0%B8%A1%E0%B9%80%E0%B8%94%E0%B8%A5%E0%B8%81%E0%B8%A3%E0%B8%B0%E0%B8%95%E0%B9%88%E0%B8%B2%E0%B8%A2-i.19958842.18489859839?sp_atk=dc7255db-3c7d-4b62-b2ac-018fe55d59cf&xptdk=dc7255db-3c7d-4b62-b2ac-018fe55d59cf","üê∞ (Toy Alliance Limited) Monday Bruce - I don't want to work 1,2,3,4,5, üê∞ ‡πÑ‡∏°‡πà‡∏≠‡∏¢‡∏≤‡∏Å‡∏ó‡∏≥‡∏á‡∏≤‡∏ô‡πÅ‡∏•‡πâ‡∏ß ‡πÄ‡∏´‡∏ô‡∏∑‡πà‡∏≠‡∏¢ ‡∏ü‡∏¥‡∏Å‡πÄ‡∏Å‡∏≠‡∏£‡πå‡πÇ‡∏°‡πÄ‡∏î‡∏•‡∏Å‡∏£‡∏∞‡∏ï‡πà‡∏≤‡∏¢","https://down-bs-us.img.susercontent.com/th-11134207-7r98z-lw9opm7kd3nzac.jpg","19958842","TH","2025-09-03T02:20:51.615Z"
"4789421","4788131","b*****r","Yes","15996072332","2024-07-29T08:44:36.000Z","","5","product_quality: 5
seller_service: 5
delivery_service: 5","","","üê∞ (Toy Alliance Limited) Monday Bruce - I don't want to work 1,2,3,4,5, üê∞ ‡πÑ‡∏°‡πà‡∏≠‡∏¢‡∏≤‡∏Å‡∏ó‡∏≥‡∏á‡∏≤‡∏ô‡πÅ‡∏•‡πâ‡∏ß ‡πÄ‡∏´‡∏ô‡∏∑‡πà‡∏≠‡∏¢ ‡∏ü‡∏¥‡∏Å‡πÄ‡∏Å‡∏≠‡∏£‡πå‡πÇ‡∏°‡πÄ‡∏î‡∏•‡∏Å‡∏£‡∏∞‡∏ï‡πà‡∏≤‡∏¢, V.1 üê∞","18489859839","https://shopee.co.th/%F0%9F%90%B0-(Toy-Alliance-Limited)-Monday-Bruce-I-don't-want-to-work-1-2-3-4-5-%F0%9F%90%B0-%E0%B9%84%E0%B8%A1%E0%B9%88%E0%B8%AD%E0%B8%A2%E0%B8%B2%E0%B8%81%E0%B8%97%E0%B8%B3%E0%B8%87%E0%B8%B2%E0%B8%99%E0%B9%81%E0%B8%A5%E0%B9%89%E0%B8%A7-%E0%B9%80%E0%B8%AB%E0%B8%99%E0%B8%B7%E0%B9%88%E0%B8%AD%E0%B8%A2-%E0%B8%9F%E0%B8%B4%E0%B8%81%E0%B9%80%E0%B8%81%E0%B8%AD%E0%B8%A3%E0%B9%8C%E0%B9%82%E0%B8%A1%E0%B9%80%E0%B8%94%E0%B8%A5%E0%B8%81%E0%B8%A3%E0%B8%B0%E0%B8%95%E0%B9%88%E0%B8%B2%E0%B8%A2-i.19958842.18489859839?sp_atk=dc7255db-3c7d-4b62-b2ac-018fe55d59cf&xptdk=dc7255db-3c7d-4b62-b2ac-018fe55d59cf","üê∞ (Toy Alliance Limited) Monday Bruce - I don't want to work 1,2,3,4,5, üê∞ ‡πÑ‡∏°‡πà‡∏≠‡∏¢‡∏≤‡∏Å‡∏ó‡∏≥‡∏á‡∏≤‡∏ô‡πÅ‡∏•‡πâ‡∏ß ‡πÄ‡∏´‡∏ô‡∏∑‡πà‡∏≠‡∏¢ ‡∏ü‡∏¥‡∏Å‡πÄ‡∏Å‡∏≠‡∏£‡πå‡πÇ‡∏°‡πÄ‡∏î‡∏•‡∏Å‡∏£‡∏∞‡∏ï‡πà‡∏≤‡∏¢","https://down-bs-us.img.susercontent.com/th-11134207-7r98z-lw9opm7kd3nzac.jpg","19958842","TH","2025-09-03T02:20:51.615Z"
"297155242","297135889","pmtc0616","No","16049511717","2024-08-03T06:17:33.000Z","","5","product_quality: 5","","","üê∞ (Toy Alliance Limited) Monday Bruce - I don't want to work 1,2,3,4,5, üê∞ ‡πÑ‡∏°‡πà‡∏≠‡∏¢‡∏≤‡∏Å‡∏ó‡∏≥‡∏á‡∏≤‡∏ô‡πÅ‡∏•‡πâ‡∏ß ‡πÄ‡∏´‡∏ô‡∏∑‡πà‡∏≠‡∏¢ ‡∏ü‡∏¥‡∏Å‡πÄ‡∏Å‡∏≠‡∏£‡πå‡πÇ‡∏°‡πÄ‡∏î‡∏•‡∏Å‡∏£‡∏∞‡∏ï‡πà‡∏≤‡∏¢, V.1 üê∞","18489859839","https://shopee.co.th/%F0%9F%90%B0-(Toy-Alliance-Limited)-Monday-Bruce-I-don't-want-to-work-1-2-3-4-5-%F0%9F%90%B0-%E0%B9%84%E0%B8%A1%E0%B9%88%E0%B8%AD%E0%B8%A2%E0%B8%B2%E0%B8%81%E0%B8%97%E0%B8%B3%E0%B8%87%E0%B8%B2%E0%B8%99%E0%B9%81%E0%B8%A5%E0%B9%89%E0%B8%A7-%E0%B9%80%E0%B8%AB%E0%B8%99%E0%B8%B7%E0%B9%88%E0%B8%AD%E0%B8%A2-%E0%B8%9F%E0%B8%B4%E0%B8%81%E0%B9%80%E0%B8%81%E0%B8%AD%E0%B8%A3%E0%B9%8C%E0%B9%82%E0%B8%A1%E0%B9%80%E0%B8%94%E0%B8%A5%E0%B8%81%E0%B8%A3%E0%B8%B0%E0%B8%95%E0%B9%88%E0%B8%B2%E0%B8%A2-i.19958842.18489859839?sp_atk=dc7255db-3c7d-4b62-b2ac-018fe55d59cf&xptdk=dc7255db-3c7d-4b62-b2ac-018fe55d59cf","üê∞ (Toy Alliance Limited) Monday Bruce - I don't want to work 1,2,3,4,5, üê∞ ‡πÑ‡∏°‡πà‡∏≠‡∏¢‡∏≤‡∏Å‡∏ó‡∏≥‡∏á‡∏≤‡∏ô‡πÅ‡∏•‡πâ‡∏ß ‡πÄ‡∏´‡∏ô‡∏∑‡πà‡∏≠‡∏¢ ‡∏ü‡∏¥‡∏Å‡πÄ‡∏Å‡∏≠‡∏£‡πå‡πÇ‡∏°‡πÄ‡∏î‡∏•‡∏Å‡∏£‡∏∞‡∏ï‡πà‡∏≤‡∏¢","https://down-bs-us.img.susercontent.com/th-11134207-7r98z-lw9opm7kd3nzac.jpg","19958842","TH","2025-09-03T02:20:51.615Z"
"280648818","280643002","plaifon_k","No","15997413213","2024-07-29T10:45:59.000Z","","5","product_quality: 5","","","üê∞ (Toy Alliance Limited) Monday Bruce - I don't want to work 1,2,3,4,5, üê∞ ‡πÑ‡∏°‡πà‡∏≠‡∏¢‡∏≤‡∏Å‡∏ó‡∏≥‡∏á‡∏≤‡∏ô‡πÅ‡∏•‡πâ‡∏ß ‡πÄ‡∏´‡∏ô‡∏∑‡πà‡∏≠‡∏¢ ‡∏ü‡∏¥‡∏Å‡πÄ‡∏Å‡∏≠‡∏£‡πå‡πÇ‡∏°‡πÄ‡∏î‡∏•‡∏Å‡∏£‡∏∞‡∏ï‡πà‡∏≤‡∏¢, V.1 üê∞","18489859839","https://shopee.co.th/%F0%9F%90%B0-(Toy-Alliance-Limited)-Monday-Bruce-I-don't-want-to-work-1-2-3-4-5-%F0%9F%90%B0-%E0%B9%84%E0%B8%A1%E0%B9%88%E0%B8%AD%E0%B8%A2%E0%B8%B2%E0%B8%81%E0%B8%97%E0%B8%B3%E0%B8%87%E0%B8%B2%E0%B8%99%E0%B9%81%E0%B8%A5%E0%B9%89%E0%B8%A7-%E0%B9%80%E0%B8%AB%E0%B8%99%E0%B8%B7%E0%B9%88%E0%B8%AD%E0%B8%A2-%E0%B8%9F%E0%B8%B4%E0%B8%81%E0%B9%80%E0%B8%81%E0%B8%AD%E0%B8%A3%E0%B9%8C%E0%B9%82%E0%B8%A1%E0%B9%80%E0%B8%94%E0%B8%A5%E0%B8%81%E0%B8%A3%E0%B8%B0%E0%B8%95%E0%B9%88%E0%B8%B2%E0%B8%A2-i.19958842.18489859839?sp_atk=dc7255db-3c7d-4b62-b2ac-018fe55d59cf&xptdk=dc7255db-3c7d-4b62-b2ac-018fe55d59cf","üê∞ (Toy Alliance Limited) Monday Bruce - I don't want to work 1,2,3,4,5, üê∞ ‡πÑ‡∏°‡πà‡∏≠‡∏¢‡∏≤‡∏Å‡∏ó‡∏≥‡∏á‡∏≤‡∏ô‡πÅ‡∏•‡πâ‡∏ß ‡πÄ‡∏´‡∏ô‡∏∑‡πà‡∏≠‡∏¢ ‡∏ü‡∏¥‡∏Å‡πÄ‡∏Å‡∏≠‡∏£‡πå‡πÇ‡∏°‡πÄ‡∏î‡∏•‡∏Å‡∏£‡∏∞‡∏ï‡πà‡∏≤‡∏¢","https://down-bs-us.img.susercontent.com/th-11134207-7r98z-lw9opm7kd3nzac.jpg","19958842","TH","2025-09-03T02:20:56.553Z"
"152477322","152475464","piimprimmika","No","15984536610","2024-07-28T06:50:30.000Z","","5","product_quality: 5
seller_service: 5
delivery_service: 5","","","üê∞ (Toy Alliance Limited) Monday Bruce - I don't want to work 1,2,3,4,5, üê∞ ‡πÑ‡∏°‡πà‡∏≠‡∏¢‡∏≤‡∏Å‡∏ó‡∏≥‡∏á‡∏≤‡∏ô‡πÅ‡∏•‡πâ‡∏ß ‡πÄ‡∏´‡∏ô‡∏∑‡πà‡∏≠‡∏¢ ‡∏ü‡∏¥‡∏Å‡πÄ‡∏Å‡∏≠‡∏£‡πå‡πÇ‡∏°‡πÄ‡∏î‡∏•‡∏Å‡∏£‡∏∞‡∏ï‡πà‡∏≤‡∏¢, ‡∏û‡∏£‡πâ‡∏≠‡∏°‡∏™‡πà‡∏á V.5 ‡∏Ñ‡∏≤‡πÄ‡∏ü‡πà‡∏Å‡∏ö","18489859839","https://shopee.co.th/%F0%9F%90%B0-(Toy-Alliance-Limited)-Monday-Bruce-I-don't-want-to-work-1-2-3-4-5-%F0%9F%90%B0-%E0%B9%84%E0%B8%A1%E0%B9%88%E0%B8%AD%E0%B8%A2%E0%B8%B2%E0%B8%81%E0%B8%97%E0%B8%B3%E0%B8%87%E0%B8%B2%E0%B8%99%E0%B9%81%E0%B8%A5%E0%B9%89%E0%B8%A7-%E0%B9%80%E0%B8%AB%E0%B8%99%E0%B8%B7%E0%B9%88%E0%B8%AD%E0%B8%A2-%E0%B8%9F%E0%B8%B4%E0%B8%81%E0%B9%80%E0%B8%81%E0%B8%AD%E0%B8%A3%E0%B9%8C%E0%B9%82%E0%B8%A1%E0%B9%80%E0%B8%94%E0%B8%A5%E0%B8%81%E0%B8%A3%E0%B8%B0%E0%B8%95%E0%B9%88%E0%B8%B2%E0%B8%A2-i.19958842.18489859839?sp_atk=dc7255db-3c7d-4b62-b2ac-018fe55d59cf&xptdk=dc7255db-3c7d-4b62-b2ac-018fe55d59cf","üê∞ (Toy Alliance Limited) Monday Bruce - I don't want to work 1,2,3,4,5, üê∞ ‡πÑ‡∏°‡πà‡∏≠‡∏¢‡∏≤‡∏Å‡∏ó‡∏≥‡∏á‡∏≤‡∏ô‡πÅ‡∏•‡πâ‡∏ß ‡πÄ‡∏´‡∏ô‡∏∑‡πà‡∏≠‡∏¢ ‡∏ü‡∏¥‡∏Å‡πÄ‡∏Å‡∏≠‡∏£‡πå‡πÇ‡∏°‡πÄ‡∏î‡∏•‡∏Å‡∏£‡∏∞‡∏ï‡πà‡∏≤‡∏¢","https://down-bs-us.img.susercontent.com/th-11134207-7r98z-lw9opm7kd3nzac.jpg","19958842","TH","2025-09-03T02:20:56.553Z"


"User Id","User Shop Id","User Name","Anonymous","Comment Id","Comment Date","Comment","Rating","Detail Rating","Comment Images","Comment Videos","Bought Products","Product Id","Product Url","Product Name","Product Image","Shop Id","Region","Scraped At"
"210451","210444","bonashop91","No","18004486206","2024-11-07T08:22:39.000Z","‡∏Å‡∏≤‡∏£‡∏≠‡∏≠‡∏Å‡πÅ‡∏ö‡∏ö:‡∏î‡∏µ‡∏°‡∏≤‡∏Å
‡∏Ñ‡∏∏‡∏ì‡∏†‡∏≤‡∏û:‡∏î‡∏µ‡∏°‡∏≤‡∏Å

‡πÑ‡∏î‡πâ‡∏£‡∏±‡∏ö‡∏™‡∏¥‡∏ô‡∏Ñ‡πâ‡∏≤‡πÄ‡∏£‡∏µ‡∏¢‡∏ö‡∏£‡πâ‡∏≠‡∏¢‡πÅ‡∏•‡πâ‡∏ß ‡πÅ‡∏û‡πá‡∏Ñ‡∏°‡∏≤‡∏î‡∏µ‡∏°‡∏≤‡∏Å ‡πÑ‡∏°‡πà‡∏°‡∏µ‡πÄ‡∏™‡∏µ‡∏¢‡∏´‡∏≤‡∏¢  ‡∏û‡∏£‡∏µ‡∏≠‡∏≠‡πÄ‡∏î‡∏≠‡∏£‡πå‡∏™‡πà‡∏á‡∏à‡∏≤‡∏Å‡∏ï‡πà‡∏≤‡∏á‡∏õ‡∏£‡∏∞‡πÄ‡∏ó‡∏®‡∏Ñ‡πà‡∏≠‡∏ô‡∏Ç‡πâ‡∏≤‡∏á‡∏ä‡πâ‡∏≤‡∏≤ ‡πÅ‡∏ï‡πà‡∏£‡∏≠‡πÑ‡∏î‡πâ","5","product_quality: 5
seller_service: 5
delivery_service: 5","https://down-bs-us.img.susercontent.com/th-11134103-7ras8-m2ar5eti1dr522.jpg
https://down-bs-us.img.susercontent.com/th-11134103-7rash-m2ar5ets0z38fd.jpg
https://down-bs-us.img.susercontent.com/th-11134103-7rasg-m2ar5euvzco1b3.jpg","https://down-tx-sg.vod.susercontent.com/api/v4/11110103/mms/th-11110103-6kgco-m2ar4wfgy6ld04.16000051730967735.mp4","[pre-order] ‚ú®TOPTOY Butterbear Baking Master ‡∏Å‡∏•‡πà‡∏≠‡∏á‡∏™‡∏∏‡πà‡∏° ‡∏´‡∏°‡∏µ‡πÄ‡∏ô‡∏¢ ‡∏•‡∏¥‡∏Ç‡∏™‡∏¥‡∏ó‡∏ò‡∏¥‡πå‡πÅ‡∏ó‡πâ üêªüßà, ‡∏â‡∏≤‡∏Å/‡∏û‡∏£‡πá‡∏≠‡∏ö Butterbear","25186077476","https://shopee.co.th/-pre-order-%E2%9C%A8TOPTOY-Butterbear-Baking-Master-%E0%B8%81%E0%B8%A5%E0%B9%88%E0%B8%AD%E0%B8%87%E0%B8%AA%E0%B8%B8%E0%B9%88%E0%B8%A1-%E0%B8%AB%E0%B8%A1%E0%B8%B5%E0%B9%80%E0%B8%99%E0%B8%A2-%E0%B8%A5%E0%B8%B4%E0%B8%82%E0%B8%AA%E0%B8%B4%E0%B8%97%E0%B8%98%E0%B8%B4%E0%B9%8C%E0%B9%81%E0%B8%97%E0%B9%89-%F0%9F%90%BB%F0%9F%A7%88-i.19958842.25186077476","[pre-order] ‚ú®TOPTOY Butterbear Baking Master ‡∏Å‡∏•‡πà‡∏≠‡∏á‡∏™‡∏∏‡πà‡∏° ‡∏´‡∏°‡∏µ‡πÄ‡∏ô‡∏¢ ‡∏•‡∏¥‡∏Ç‡∏™‡∏¥‡∏ó‡∏ò‡∏¥‡πå‡πÅ‡∏ó‡πâ üêªüßà","https://down-bs-us.img.susercontent.com/th-11134207-7rasl-m0o6hmhvi8yg82.jpg","19958842","TH","2025-09-03T02:30:42.296Z"
"140993897","140992073","i*****n","Yes","17583883273","2024-10-29T01:24:11.000Z","‡∏Ñ‡∏∏‡∏ì‡∏†‡∏≤‡∏û:‡∏î‡∏µ‡∏°‡∏≤‡∏Å

‡∏ô‡πâ‡∏≠‡∏á‡πÄ‡∏ô‡∏¢‡∏ô‡πà‡∏≤‡∏£‡∏±‡∏Å‡∏°‡∏≤‡∏Å‡∏Å‡∏Å‡∏Å‡∏Å ‡∏™‡∏°‡∏Å‡∏±‡∏ö‡∏Å‡∏≤‡∏£‡∏ó‡∏µ‡πà‡∏£‡∏≠‡∏Ñ‡∏≠‡∏¢ ‡πÑ‡∏°‡πà‡∏ú‡∏¥‡∏î‡∏´‡∏ß‡∏±‡∏á‡πÄ‡∏•‡∏¢‡∏Ñ‡∏£‡πâ‡∏≤‡∏≤‡∏≤‡∏≤  ‡∏ô‡πâ‡∏≠‡∏á‡∏ï‡∏±‡∏ß‡πÉ‡∏´‡∏ç‡πà‡∏Å‡∏≥‡∏•‡∏±‡∏á‡∏î‡∏µ ‡πÑ‡∏ß‡πâ‡∏°‡∏µ‡∏ô‡πâ‡∏≠‡∏á‡πÄ‡∏ô‡∏¢‡∏Ñ‡∏≠‡∏•‡∏≠‡∏∑‡πà‡∏ô‡∏≠‡∏µ‡∏Å ‡∏à‡∏∞‡∏°‡∏≤‡∏≠‡∏∏‡∏î‡∏´‡∏ô‡∏∏‡∏ô‡πÉ‡∏´‡∏°‡πà‡∏ô‡∏∞‡∏Ñ‡∏∞","5","product_quality: 5
seller_service: 5
delivery_service: 5","https://down-bs-us.img.susercontent.com/th-11134103-7ras8-m1xg9rbb8l4n7f.jpg
https://down-bs-us.img.susercontent.com/th-11134103-7rasj-m1xg9rbb9zp3ff.jpg","https://down-tx-sg.vod.susercontent.com/api/v4/11110103/mms/th-11110103-6kgci-m1xhn1d94ik7a1.default.mp4","[pre-order] ‚ú®TOPTOY Butterbear Baking Master ‡∏Å‡∏•‡πà‡∏≠‡∏á‡∏™‡∏∏‡πà‡∏° ‡∏´‡∏°‡∏µ‡πÄ‡∏ô‡∏¢ ‡∏•‡∏¥‡∏Ç‡∏™‡∏¥‡∏ó‡∏ò‡∏¥‡πå‡πÅ‡∏ó‡πâ üêªüßà","25186077476","https://shopee.co.th/-pre-order-%E2%9C%A8TOPTOY-Butterbear-Baking-Master-%E0%B8%81%E0%B8%A5%E0%B9%88%E0%B8%AD%E0%B8%87%E0%B8%AA%E0%B8%B8%E0%B9%88%E0%B8%A1-%E0%B8%AB%E0%B8%A1%E0%B8%B5%E0%B9%80%E0%B8%99%E0%B8%A2-%E0%B8%A5%E0%B8%B4%E0%B8%82%E0%B8%AA%E0%B8%B4%E0%B8%97%E0%B8%98%E0%B8%B4%E0%B9%8C%E0%B9%81%E0%B8%97%E0%B9%89-%F0%9F%90%BB%F0%9F%A7%88-i.19958842.25186077476","[pre-order] ‚ú®TOPTOY Butterbear Baking Master ‡∏Å‡∏•‡πà‡∏≠‡∏á‡∏™‡∏∏‡πà‡∏° ‡∏´‡∏°‡∏µ‡πÄ‡∏ô‡∏¢ ‡∏•‡∏¥‡∏Ç‡∏™‡∏¥‡∏ó‡∏ò‡∏¥‡πå‡πÅ‡∏ó‡πâ üêªüßà","https://down-bs-us.img.susercontent.com/th-11134207-7rasl-m0o6hmhvi8yg82.jpg","19958842","TH","2025-09-03T02:30:42.296Z"
"21897895","21896559","g*****l","Yes","19146109409","2024-11-16T11:43:51.000Z","‡∏Ñ‡∏∏‡∏ì‡∏†‡∏≤‡∏û:‡∏î‡∏µ‡πÄ‡∏¢‡∏µ‡πà‡∏¢‡∏°
‡∏Å‡∏≤‡∏£‡∏≠‡∏≠‡∏Å‡πÅ‡∏ö‡∏ö:‡∏ô‡πà‡∏≤‡∏£‡∏±‡∏Å‡∏°‡∏≤‡∏Å ‡∏ï‡∏£‡∏á‡∏õ‡∏Å

‡∏™‡πà‡∏á‡πÑ‡∏ß‡∏°‡∏≤‡∏Å ‡πÅ‡∏û‡∏Ñ‡∏Ç‡∏≠‡∏á‡∏≠‡∏¢‡πà‡∏≤‡∏á‡∏î‡∏µ","5","product_quality: 5
seller_service: 5
delivery_service: 5","https://down-bs-us.img.susercontent.com/th-11134103-7rasm-m2nsqlgbfhho0f.jpg
https://down-bs-us.img.susercontent.com/th-11134103-7ras8-m2nsqlgbib2r63.jpg","","[pre-order] ‚ú®TOPTOY Butterbear Baking Master ‡∏Å‡∏•‡πà‡∏≠‡∏á‡∏™‡∏∏‡πà‡∏° ‡∏´‡∏°‡∏µ‡πÄ‡∏ô‡∏¢ ‡∏•‡∏¥‡∏Ç‡∏™‡∏¥‡∏ó‡∏ò‡∏¥‡πå‡πÅ‡∏ó‡πâ üêªüßà, Box set 8 ‡∏™‡∏∏‡πà‡∏°‡∏•‡∏∏‡πâ‡∏ô‡∏ã‡∏µ","25186077476","https://shopee.co.th/-pre-order-%E2%9C%A8TOPTOY-Butterbear-Baking-Master-%E0%B8%81%E0%B8%A5%E0%B9%88%E0%B8%AD%E0%B8%87%E0%B8%AA%E0%B8%B8%E0%B9%88%E0%B8%A1-%E0%B8%AB%E0%B8%A1%E0%B8%B5%E0%B9%80%E0%B8%99%E0%B8%A2-%E0%B8%A5%E0%B8%B4%E0%B8%82%E0%B8%AA%E0%B8%B4%E0%B8%97%E0%B8%98%E0%B8%B4%E0%B9%8C%E0%B9%81%E0%B8%97%E0%B9%89-%F0%9F%90%BB%F0%9F%A7%88-i.19958842.25186077476","[pre-order] ‚ú®TOPTOY Butterbear Baking Master ‡∏Å‡∏•‡πà‡∏≠‡∏á‡∏™‡∏∏‡πà‡∏° ‡∏´‡∏°‡∏µ‡πÄ‡∏ô‡∏¢ ‡∏•‡∏¥‡∏Ç‡∏™‡∏¥‡∏ó‡∏ò‡∏¥‡πå‡πÅ‡∏ó‡πâ üêªüßà","https://down-bs-us.img.susercontent.com/th-11134207-7rasl-m0o6hmhvi8yg82.jpg","19958842","TH","2025-09-03T02:30:42.296Z"
"38532095","38530710","s*****d","Yes","17562657306","2024-10-28T14:37:57.000Z","‡∏ß‡∏±‡∏™‡∏î‡∏∏‡∏Ñ‡∏∑‡∏≠‡∏î‡∏µ‡πÄ‡∏•‡∏¢‡∏¢‡∏¢‡∏¢‡∏¢ ‡∏ô‡πà‡∏≤‡∏£‡∏±‡∏Å‡∏°‡∏≤‡∏Å‡∏Å‡∏Å‡∏Å‡∏Å‡∏Å","5","product_quality: 5
seller_service: 5
delivery_service: 5","https://down-bs-us.img.susercontent.com/th-11134103-7rasi-m1wupu5w0sfr02.jpg
https://down-bs-us.img.susercontent.com/th-11134103-7rash-m1wupu5w0rxl49.jpg","","[pre-order] ‚ú®TOPTOY Butterbear Baking Master ‡∏Å‡∏•‡πà‡∏≠‡∏á‡∏™‡∏∏‡πà‡∏° ‡∏´‡∏°‡∏µ‡πÄ‡∏ô‡∏¢ ‡∏•‡∏¥‡∏Ç‡∏™‡∏¥‡∏ó‡∏ò‡∏¥‡πå‡πÅ‡∏ó‡πâ üêªüßà, ‡∏â‡∏≤‡∏Å/‡∏û‡∏£‡πá‡∏≠‡∏ö Butterbear","25186077476","https://shopee.co.th/-pre-order-%E2%9C%A8TOPTOY-Butterbear-Baking-Master-%E0%B8%81%E0%B8%A5%E0%B9%88%E0%B8%AD%E0%B8%87%E0%B8%AA%E0%B8%B8%E0%B9%88%E0%B8%A1-%E0%B8%AB%E0%B8%A1%E0%B8%B5%E0%B9%80%E0%B8%99%E0%B8%A2-%E0%B8%A5%E0%B8%B4%E0%B8%82%E0%B8%AA%E0%B8%B4%E0%B8%97%E0%B8%98%E0%B8%B4%E0%B9%8C%E0%B9%81%E0%B8%97%E0%B9%89-%F0%9F%90%BB%F0%9F%A7%88-i.19958842.25186077476","[pre-order] ‚ú®TOPTOY Butterbear Baking Master ‡∏Å‡∏•‡πà‡∏≠‡∏á‡∏™‡∏∏‡πà‡∏° ‡∏´‡∏°‡∏µ‡πÄ‡∏ô‡∏¢ ‡∏•‡∏¥‡∏Ç‡∏™‡∏¥‡∏ó‡∏ò‡∏¥‡πå‡πÅ‡∏ó‡πâ üêªüßà","https://down-bs-us.img.susercontent.com/th-11134207-7rasl-m0o6hmhvi8yg82.jpg","19958842","TH","2025-09-03T02:30:42.296Z"
"57534998","57533573","b*****g","Yes","17490260986","2024-10-26T15:25:22.000Z","‡∏Å‡∏≤‡∏£‡∏≠‡∏≠‡∏Å‡πÅ‡∏ö‡∏ö:Butter Bear
‡∏Ñ‡∏∏‡∏ì‡∏†‡∏≤‡∏û:‡∏ï‡∏±‡∏ß‡πÉ‡∏´‡∏ç‡πà‡∏ö‡∏∂‡πâ‡∏° ‡∏Ç‡∏ô‡∏Å‡∏≥‡∏°‡∏∞‡∏´‡∏¢‡∏µ‡πà ‡∏´‡∏ô‡∏±‡∏Å

‡∏ô‡πà‡∏≤‡∏£‡∏±‡∏Å‡∏Å‡∏Å‡∏Å‡∏Å‡∏Å‡∏Å‡∏Å‡∏Å‡∏Å‡∏Å","5","product_quality: 5
seller_service: 5
delivery_service: 5","https://down-bs-us.img.susercontent.com/th-11134103-7ras9-m1u1m3wwxa3t13.jpg
https://down-bs-us.img.susercontent.com/th-11134103-7rasj-m1u1m3wwxalz00.jpg
https://down-bs-us.img.susercontent.com/th-11134103-7rasb-m1u1m3wx5pih2b.jpg","","[pre-order] ‚ú®TOPTOY Butterbear Baking Master ‡∏Å‡∏•‡πà‡∏≠‡∏á‡∏™‡∏∏‡πà‡∏° ‡∏´‡∏°‡∏µ‡πÄ‡∏ô‡∏¢ ‡∏•‡∏¥‡∏Ç‡∏™‡∏¥‡∏ó‡∏ò‡∏¥‡πå‡πÅ‡∏ó‡πâ üêªüßà","25186077476","https://shopee.co.th/-pre-order-%E2%9C%A8TOPTOY-Butterbear-Baking-Master-%E0%B8%81%E0%B8%A5%E0%B9%88%E0%B8%AD%E0%B8%87%E0%B8%AA%E0%B8%B8%E0%B9%88%E0%B8%A1-%E0%B8%AB%E0%B8%A1%E0%B8%B5%E0%B9%80%E0%B8%99%E0%B8%A2-%E0%B8%A5%E0%B8%B4%E0%B8%82%E0%B8%AA%E0%B8%B4%E0%B8%97%E0%B8%98%E0%B8%B4%E0%B9%8C%E0%B9%81%E0%B8%97%E0%B9%89-%F0%9F%90%BB%F0%9F%A7%88-i.19958842.25186077476","[pre-order] ‚ú®TOPTOY Butterbear Baking Master ‡∏Å‡∏•‡πà‡∏≠‡∏á‡∏™‡∏∏‡πà‡∏° ‡∏´‡∏°‡∏µ‡πÄ‡∏ô‡∏¢ ‡∏•‡∏¥‡∏Ç‡∏™‡∏¥‡∏ó‡∏ò‡∏¥‡πå‡πÅ‡∏ó‡πâ üêªüßà","https://down-bs-us.img.susercontent.com/th-11134207-7rasl-m0o6hmhvi8yg82.jpg","19958842","TH","2025-09-03T02:30:42.296Z"
"61564171","61562730","jindaratjinda","No","20780032989","2024-12-06T01:15:44.000Z","‡∏ô‡πà‡∏≤‡∏£‡∏±‡∏Å‡∏™‡∏∏‡∏î‡πÜ","5","product_quality: 5
seller_service: 5
delivery_service: 5","https://down-bs-us.img.susercontent.com/th-11134103-7rasc-m3fpzdgl00rs77.jpg
https://down-bs-us.img.susercontent.com/th-11134103-7rasj-m3fpzdgl00rff7.jpg","","[pre-order] ‚ú®TOPTOY Butterbear Baking Master ‡∏Å‡∏•‡πà‡∏≠‡∏á‡∏™‡∏∏‡πà‡∏° ‡∏´‡∏°‡∏µ‡πÄ‡∏ô‡∏¢ ‡∏•‡∏¥‡∏Ç‡∏™‡∏¥‡∏ó‡∏ò‡∏¥‡πå‡πÅ‡∏ó‡πâ üêªüßà, Mini ‡∏â‡∏≤‡∏Å‡∏à‡∏¥‡πã‡∏ß","25186077476","https://shopee.co.th/-pre-order-%E2%9C%A8TOPTOY-Butterbear-Baking-Master-%E0%B8%81%E0%B8%A5%E0%B9%88%E0%B8%AD%E0%B8%87%E0%B8%AA%E0%B8%B8%E0%B9%88%E0%B8%A1-%E0%B8%AB%E0%B8%A1%E0%B8%B5%E0%B9%80%E0%B8%99%E0%B8%A2-%E0%B8%A5%E0%B8%B4%E0%B8%82%E0%B8%AA%E0%B8%B4%E0%B8%97%E0%B8%98%E0%B8%B4%E0%B9%8C%E0%B9%81%E0%B8%97%E0%B9%89-%F0%9F%90%BB%F0%9F%A7%88-i.19958842.25186077476","[pre-order] ‚ú®TOPTOY Butterbear Baking Master ‡∏Å‡∏•‡πà‡∏≠‡∏á‡∏™‡∏∏‡πà‡∏° ‡∏´‡∏°‡∏µ‡πÄ‡∏ô‡∏¢ ‡∏•‡∏¥‡∏Ç‡∏™‡∏¥‡∏ó‡∏ò‡∏¥‡πå‡πÅ‡∏ó‡πâ üêªüßà","https://down-bs-us.img.susercontent.com/th-11134207-7rasl-m0o6hmhvi8yg82.jpg","19958842","TH","2025-09-03T02:30:42.296Z"
"86893107","86891630","s*****h","Yes","17882772740","2024-11-05T12:17:48.000Z","‡∏ô‡πà‡∏≤‡∏£‡∏±‡∏Å‚ù§Ô∏è","5","product_quality: 5
seller_service: 5
delivery_service: 5","https://down-bs-us.img.susercontent.com/th-11134103-7rasj-m284rk8ub99gcf.jpg
https://down-bs-us.img.susercontent.com/th-11134103-7ras8-m284rk8ub9b5bb.jpg","","[pre-order] ‚ú®TOPTOY Butterbear Baking Master ‡∏Å‡∏•‡πà‡∏≠‡∏á‡∏™‡∏∏‡πà‡∏° ‡∏´‡∏°‡∏µ‡πÄ‡∏ô‡∏¢ ‡∏•‡∏¥‡∏Ç‡∏™‡∏¥‡∏ó‡∏ò‡∏¥‡πå‡πÅ‡∏ó‡πâ üêªüßà, ‡∏â‡∏≤‡∏Å/‡∏û‡∏£‡πá‡∏≠‡∏ö Butterbear","25186077476","https://shopee.co.th/-pre-order-%E2%9C%A8TOPTOY-Butterbear-Baking-Master-%E0%B8%81%E0%B8%A5%E0%B9%88%E0%B8%AD%E0%B8%87%E0%B8%AA%E0%B8%B8%E0%B9%88%E0%B8%A1-%E0%B8%AB%E0%B8%A1%E0%B8%B5%E0%B9%80%E0%B8%99%E0%B8%A2-%E0%B8%A5%E0%B8%B4%E0%B8%82%E0%B8%AA%E0%B8%B4%E0%B8%97%E0%B8%98%E0%B8%B4%E0%B9%8C%E0%B9%81%E0%B8%97%E0%B9%89-%F0%9F%90%BB%F0%9F%A7%88-i.19958842.25186077476","[pre-order] ‚ú®TOPTOY Butterbear Baking Master ‡∏Å‡∏•‡πà‡∏≠‡∏á‡∏™‡∏∏‡πà‡∏° ‡∏´‡∏°‡∏µ‡πÄ‡∏ô‡∏¢ ‡∏•‡∏¥‡∏Ç‡∏™‡∏¥‡∏ó‡∏ò‡∏¥‡πå‡πÅ‡∏ó‡πâ üêªüßà","https://down-bs-us.img.susercontent.com/th-11134207-7rasl-m0o6hmhvi8yg82.jpg","19958842","TH","2025-09-03T02:30:49.005Z"
"21897895","21896559","g*****l","Yes","18086015674","2024-11-11T05:29:32.000Z","","5","product_quality: 5
seller_service: 5
delivery_service: 5","https://down-bs-us.img.susercontent.com/th-11134103-7ras9-m2gahqifh3a942.jpg
https://down-bs-us.img.susercontent.com/th-11134103-7ras8-m2gahqiptbqcea.jpg
https://down-bs-us.img.susercontent.com/th-11134103-7rasf-m2gahqifh38k85.jpg","","[pre-order] ‚ú®TOPTOY Butterbear Baking Master ‡∏Å‡∏•‡πà‡∏≠‡∏á‡∏™‡∏∏‡πà‡∏° ‡∏´‡∏°‡∏µ‡πÄ‡∏ô‡∏¢ ‡∏•‡∏¥‡∏Ç‡∏™‡∏¥‡∏ó‡∏ò‡∏¥‡πå‡πÅ‡∏ó‡πâ üêªüßà, ‡∏â‡∏≤‡∏Å/‡∏û‡∏£‡πá‡∏≠‡∏ö Butterbear","25186077476","https://shopee.co.th/-pre-order-%E2%9C%A8TOPTOY-Butterbear-Baking-Master-%E0%B8%81%E0%B8%A5%E0%B9%88%E0%B8%AD%E0%B8%87%E0%B8%AA%E0%B8%B8%E0%B9%88%E0%B8%A1-%E0%B8%AB%E0%B8%A1%E0%B8%B5%E0%B9%80%E0%B8%99%E0%B8%A2-%E0%B8%A5%E0%B8%B4%E0%B8%82%E0%B8%AA%E0%B8%B4%E0%B8%97%E0%B8%98%E0%B8%B4%E0%B9%8C%E0%B9%81%E0%B8%97%E0%B9%89-%F0%9F%90%BB%F0%9F%A7%88-i.19958842.25186077476","[pre-order] ‚ú®TOPTOY Butterbear Baking Master ‡∏Å‡∏•‡πà‡∏≠‡∏á‡∏™‡∏∏‡πà‡∏° ‡∏´‡∏°‡∏µ‡πÄ‡∏ô‡∏¢ ‡∏•‡∏¥‡∏Ç‡∏™‡∏¥‡∏ó‡∏ò‡∏¥‡πå‡πÅ‡∏ó‡πâ üêªüßà","https://down-bs-us.img.susercontent.com/th-11134207-7rasl-m0o6hmhvi8yg82.jpg","19958842","TH","2025-09-03T02:30:49.005Z"
"61564171","61562730","jindaratjinda","No","17509573391","2024-10-27T00:59:27.000Z","‡∏ô‡πà‡∏≤‡∏£‡∏±‡∏Å‡∏°‡∏≤‡∏Å‡∏Å‡∏Å‡∏Å‡∏Å‡∏Å‡∏Å‡∏Å‡∏Å‡∏Å‡∏Å‡∏Å‡∏Å‡∏Å‡∏Å‡∏Å‡∏Å‡∏Å
‡∏Ñ‡∏∏‡∏±‡∏°‡∏Å‡∏±‡∏ö‡∏Å‡∏≤‡∏£‡∏£‡∏≠‡∏Ñ‡∏≠‡∏¢

‡∏™‡πà‡∏á‡∏ä‡πâ‡∏≤‡πÑ‡∏õ‡∏´‡∏ô‡πà‡∏≠‡∏¢ ‡πÅ‡∏ï‡πà ‡πÑ‡∏î‡πâ‡∏£‡∏±‡∏ö‡∏Ç‡∏≠‡∏á‡∏Ñ‡∏∑‡∏≠‡∏ä‡∏≠‡∏ö‡πÉ‡∏à‡∏™‡∏∏‡∏î‡πÜ","5","product_quality: 5
seller_service: 5","https://down-bs-us.img.susercontent.com/th-11134103-7ras8-m1um3eq8q99ld6.jpg
https://down-bs-us.img.susercontent.com/th-11134103-7ras8-m1um3er2p1x311.jpg
https://down-bs-us.img.susercontent.com/th-11134103-7rasg-m1um3er34i5z41.jpg
https://down-bs-us.img.susercontent.com/th-11134103-7rasb-m1um3eq8q9rr84.jpg
https://down-bs-us.img.susercontent.com/th-11134103-7rasl-m1um3er2p1exb2.jpg","","[pre-order] ‚ú®TOPTOY Butterbear Baking Master ‡∏Å‡∏•‡πà‡∏≠‡∏á‡∏™‡∏∏‡πà‡∏° ‡∏´‡∏°‡∏µ‡πÄ‡∏ô‡∏¢ ‡∏•‡∏¥‡∏Ç‡∏™‡∏¥‡∏ó‡∏ò‡∏¥‡πå‡πÅ‡∏ó‡πâ üêªüßà","25186077476","https://shopee.co.th/-pre-order-%E2%9C%A8TOPTOY-Butterbear-Baking-Master-%E0%B8%81%E0%B8%A5%E0%B9%88%E0%B8%AD%E0%B8%87%E0%B8%AA%E0%B8%B8%E0%B9%88%E0%B8%A1-%E0%B8%AB%E0%B8%A1%E0%B8%B5%E0%B9%80%E0%B8%99%E0%B8%A2-%E0%B8%A5%E0%B8%B4%E0%B8%82%E0%B8%AA%E0%B8%B4%E0%B8%97%E0%B8%98%E0%B8%B4%E0%B9%8C%E0%B9%81%E0%B8%97%E0%B9%89-%F0%9F%90%BB%F0%9F%A7%88-i.19958842.25186077476","[pre-order] ‚ú®TOPTOY Butterbear Baking Master ‡∏Å‡∏•‡πà‡∏≠‡∏á‡∏™‡∏∏‡πà‡∏° ‡∏´‡∏°‡∏µ‡πÄ‡∏ô‡∏¢ ‡∏•‡∏¥‡∏Ç‡∏™‡∏¥‡∏ó‡∏ò‡∏¥‡πå‡πÅ‡∏ó‡πâ üêªüßà","https://down-bs-us.img.susercontent.com/th-11134207-7rasl-m0o6hmhvi8yg82.jpg","19958842","TH","2025-09-03T02:30:49.005Z"
"54483460","54482036","c*****7","Yes","19570591958","2024-11-23T10:39:41.000Z","‡∏Ñ‡∏∏‡∏ì‡∏†‡∏≤‡∏û‡∏Ç‡∏≠‡∏á‡∏™‡∏¥‡∏ô‡∏Ñ‡πâ‡∏≤‡∏ï‡∏≤‡∏°‡∏£‡∏≤‡∏Ñ‡∏≤
‡πÑ‡∏î‡πâ‡∏Ç‡∏≠‡∏á‡∏Ñ‡∏£‡∏ö‡∏ñ‡πâ‡∏ß‡∏ô
‡∏£‡∏≤‡∏Ñ‡∏≤‡∏™‡∏¥‡∏ô‡∏Ñ‡πâ‡∏≤‡πÑ‡∏°‡πà‡πÅ‡∏û‡∏á‡∏°‡∏≤‡∏Å
‡∏£‡πâ‡∏≤‡∏ô‡∏Ñ‡πâ‡∏≤‡∏à‡∏±‡∏î‡∏™‡πà‡∏á‡∏™‡∏¥‡∏ô‡∏Ñ‡πâ‡∏≤‡∏£‡∏ß‡∏î‡πÄ‡∏£‡πá‡∏ß 
‡∏£‡πâ‡∏≤‡∏ô‡∏Ñ‡πâ‡∏≤‡πÅ‡∏û‡πá‡∏Ñ‡∏™‡∏¥‡∏ô‡∏Ñ‡πâ‡∏≤‡∏°‡∏≤‡∏î‡∏µ‡∏°‡∏≤‡∏Å
‡∏Ç‡∏ô‡∏™‡πà‡∏á‡∏ö‡∏£‡∏¥‡∏Å‡∏≤‡∏£‡∏î‡∏µ","5","product_quality: 5
seller_service: 5
delivery_service: 5","https://down-bs-us.img.susercontent.com/th-11134103-7rasi-m2xq5fnh0lpedd.jpg","https://down-ws-sg.vod.susercontent.com/api/v4/11110103/mms/th-11110103-6kgcp-m2xq5m1hnzz627.default.mp4","[pre-order] ‚ú®TOPTOY Butterbear Baking Master ‡∏Å‡∏•‡πà‡∏≠‡∏á‡∏™‡∏∏‡πà‡∏° ‡∏´‡∏°‡∏µ‡πÄ‡∏ô‡∏¢ ‡∏•‡∏¥‡∏Ç‡∏™‡∏¥‡∏ó‡∏ò‡∏¥‡πå‡πÅ‡∏ó‡πâ üêªüßà, ‡∏â‡∏≤‡∏Å/‡∏û‡∏£‡πá‡∏≠‡∏ö Butterbear","25186077476","https://shopee.co.th/-pre-order-%E2%9C%A8TOPTOY-Butterbear-Baking-Master-%E0%B8%81%E0%B8%A5%E0%B9%88%E0%B8%AD%E0%B8%87%E0%B8%AA%E0%B8%B8%E0%B9%88%E0%B8%A1-%E0%B8%AB%E0%B8%A1%E0%B8%B5%E0%B9%80%E0%B8%99%E0%B8%A2-%E0%B8%A5%E0%B8%B4%E0%B8%82%E0%B8%AA%E0%B8%B4%E0%B8%97%E0%B8%98%E0%B8%B4%E0%B9%8C%E0%B9%81%E0%B8%97%E0%B9%89-%F0%9F%90%BB%F0%9F%A7%88-i.19958842.25186077476","[pre-order] ‚ú®TOPTOY Butterbear Baking Master ‡∏Å‡∏•‡πà‡∏≠‡∏á‡∏™‡∏∏‡πà‡∏° ‡∏´‡∏°‡∏µ‡πÄ‡∏ô‡∏¢ ‡∏•‡∏¥‡∏Ç‡∏™‡∏¥‡∏ó‡∏ò‡∏¥‡πå‡πÅ‡∏ó‡πâ üêªüßà","https://down-bs-us.img.susercontent.com/th-11134207-7rasl-m0o6hmhvi8yg82.jpg","19958842","TH","2025-09-03T02:30:49.005Z"
"13108341","13107038","s*****3","Yes","17559147633","2024-10-28T09:28:10.000Z","‡∏ï‡πà‡∏≠‡πÑ‡∏°‡πà‡∏¢‡∏≤‡∏Å ‡∏ô‡πà‡∏≤‡∏£‡∏±‡∏Å‡∏î‡∏µ‡∏Ñ‡πà‡∏∞","5","product_quality: 5","https://down-bs-us.img.susercontent.com/th-11134103-7rash-m1wjmk6yl3zd00.jpg","","[pre-order] ‚ú®TOPTOY Butterbear Baking Master ‡∏Å‡∏•‡πà‡∏≠‡∏á‡∏™‡∏∏‡πà‡∏° ‡∏´‡∏°‡∏µ‡πÄ‡∏ô‡∏¢ ‡∏•‡∏¥‡∏Ç‡∏™‡∏¥‡∏ó‡∏ò‡∏¥‡πå‡πÅ‡∏ó‡πâ üêªüßà, ‡∏â‡∏≤‡∏Å/‡∏û‡∏£‡πá‡∏≠‡∏ö Butterbear","25186077476","https://shopee.co.th/-pre-order-%E2%9C%A8TOPTOY-Butterbear-Baking-Master-%E0%B8%81%E0%B8%A5%E0%B9%88%E0%B8%AD%E0%B8%87%E0%B8%AA%E0%B8%B8%E0%B9%88%E0%B8%A1-%E0%B8%AB%E0%B8%A1%E0%B8%B5%E0%B9%80%E0%B8%99%E0%B8%A2-%E0%B8%A5%E0%B8%B4%E0%B8%82%E0%B8%AA%E0%B8%B4%E0%B8%97%E0%B8%98%E0%B8%B4%E0%B9%8C%E0%B9%81%E0%B8%97%E0%B9%89-%F0%9F%90%BB%F0%9F%A7%88-i.19958842.25186077476","[pre-order] ‚ú®TOPTOY Butterbear Baking Master ‡∏Å‡∏•‡πà‡∏≠‡∏á‡∏™‡∏∏‡πà‡∏° ‡∏´‡∏°‡∏µ‡πÄ‡∏ô‡∏¢ ‡∏•‡∏¥‡∏Ç‡∏™‡∏¥‡∏ó‡∏ò‡∏¥‡πå‡πÅ‡∏ó‡πâ üêªüßà","https://down-bs-us.img.susercontent.com/th-11134207-7rasl-m0o6hmhvi8yg82.jpg","19958842","TH","2025-09-03T02:30:49.005Z"
"769787","769244","t*****t","Yes","17642267578","2024-11-01T02:40:23.000Z","‡∏ô‡πà‡∏≤‡∏£‡∏±‡∏Å‡∏°‡∏≤‡∏Å‡∏Å ‡∏°‡∏µ‡πÅ‡∏ï‡πà‡∏Ñ‡∏≥‡∏ß‡πà‡∏≤‡∏ô‡πà‡∏≤‡∏£‡∏±‡∏Å‡πÄ‡∏ï‡πá‡∏°‡πÑ‡∏õ‡∏´‡∏°‡∏î‡∏î‡∏î ü´∂üèª","5","product_quality: 5","https://down-bs-us.img.susercontent.com/th-11134103-7ras9-m21uml449zux81.jpg","","[pre-order] ‚ú®TOPTOY Butterbear Baking Master ‡∏Å‡∏•‡πà‡∏≠‡∏á‡∏™‡∏∏‡πà‡∏° ‡∏´‡∏°‡∏µ‡πÄ‡∏ô‡∏¢ ‡∏•‡∏¥‡∏Ç‡∏™‡∏¥‡∏ó‡∏ò‡∏¥‡πå‡πÅ‡∏ó‡πâ üêªüßà, Box set 8 ‡∏™‡∏∏‡πà‡∏°‡∏•‡∏∏‡πâ‡∏ô‡∏ã‡∏µ
[pre-order] ‚ú®TOPTOY Butterbear Baking Master ‡∏Å‡∏•‡πà‡∏≠‡∏á‡∏™‡∏∏‡πà‡∏° ‡∏´‡∏°‡∏µ‡πÄ‡∏ô‡∏¢ ‡∏•‡∏¥‡∏Ç‡∏™‡∏¥‡∏ó‡∏ò‡∏¥‡πå‡πÅ‡∏ó‡πâ üêªüßà, ‡∏â‡∏≤‡∏Å/‡∏û‡∏£‡πá‡∏≠‡∏ö Butterbear","25186077476","https://shopee.co.th/-pre-order-%E2%9C%A8TOPTOY-Butterbear-Baking-Master-%E0%B8%81%E0%B8%A5%E0%B9%88%E0%B8%AD%E0%B8%87%E0%B8%AA%E0%B8%B8%E0%B9%88%E0%B8%A1-%E0%B8%AB%E0%B8%A1%E0%B8%B5%E0%B9%80%E0%B8%99%E0%B8%A2-%E0%B8%A5%E0%B8%B4%E0%B8%82%E0%B8%AA%E0%B8%B4%E0%B8%97%E0%B8%98%E0%B8%B4%E0%B9%8C%E0%B9%81%E0%B8%97%E0%B9%89-%F0%9F%90%BB%F0%9F%A7%88-i.19958842.25186077476","[pre-order] ‚ú®TOPTOY Butterbear Baking Master ‡∏Å‡∏•‡πà‡∏≠‡∏á‡∏™‡∏∏‡πà‡∏° ‡∏´‡∏°‡∏µ‡πÄ‡∏ô‡∏¢ ‡∏•‡∏¥‡∏Ç‡∏™‡∏¥‡∏ó‡∏ò‡∏¥‡πå‡πÅ‡∏ó‡πâ üêªüßà","https://down-bs-us.img.susercontent.com/th-11134207-7rasl-m0o6hmhvi8yg82.jpg","19958842","TH","2025-09-03T02:30:49.005Z"
"197729766","197726765","yvesissararak","No","18093871117","2024-11-11T17:23:52.000Z","","5","product_quality: 5
seller_service: 5
delivery_service: 5","https://down-bs-us.img.susercontent.com/th-11134103-7rash-m2gzzh6fdxgk8a.jpg","","[pre-order] ‚ú®TOPTOY Butterbear Baking Master ‡∏Å‡∏•‡πà‡∏≠‡∏á‡∏™‡∏∏‡πà‡∏° ‡∏´‡∏°‡∏µ‡πÄ‡∏ô‡∏¢ ‡∏•‡∏¥‡∏Ç‡∏™‡∏¥‡∏ó‡∏ò‡∏¥‡πå‡πÅ‡∏ó‡πâ üêªüßà, ‡∏â‡∏≤‡∏Å/‡∏û‡∏£‡πá‡∏≠‡∏ö Butterbear","25186077476","https://shopee.co.th/-pre-order-%E2%9C%A8TOPTOY-Butterbear-Baking-Master-%E0%B8%81%E0%B8%A5%E0%B9%88%E0%B8%AD%E0%B8%87%E0%B8%AA%E0%B8%B8%E0%B9%88%E0%B8%A1-%E0%B8%AB%E0%B8%A1%E0%B8%B5%E0%B9%80%E0%B8%99%E0%B8%A2-%E0%B8%A5%E0%B8%B4%E0%B8%82%E0%B8%AA%E0%B8%B4%E0%B8%97%E0%B8%98%E0%B8%B4%E0%B9%8C%E0%B9%81%E0%B8%97%E0%B9%89-%F0%9F%90%BB%F0%9F%A7%88-i.19958842.25186077476","[pre-order] ‚ú®TOPTOY Butterbear Baking Master ‡∏Å‡∏•‡πà‡∏≠‡∏á‡∏™‡∏∏‡πà‡∏° ‡∏´‡∏°‡∏µ‡πÄ‡∏ô‡∏¢ ‡∏•‡∏¥‡∏Ç‡∏™‡∏¥‡∏ó‡∏ò‡∏¥‡πå‡πÅ‡∏ó‡πâ üêªüßà","https://down-bs-us.img.susercontent.com/th-11134207-7rasl-m0o6hmhvi8yg82.jpg","19958842","TH","2025-09-03T02:30:56.677Z"
"79377400","79375926","1991duan","No","18330574024","2024-11-13T15:23:33.000Z","‡∏ô‡πà‡∏≤‡∏£‡∏±‡∏Å‡∏™‡∏∏‡∏î‡πÜ ‡πÅ‡∏ô‡∏∞‡∏ô‡∏≥‡πÄ‡∏•‡∏¢‡∏Ñ‡πà‡∏≤‡∏≤‡∏≤","5","product_quality: 5","","","[pre-order] ‚ú®TOPTOY Butterbear Baking Master ‡∏Å‡∏•‡πà‡∏≠‡∏á‡∏™‡∏∏‡πà‡∏° ‡∏´‡∏°‡∏µ‡πÄ‡∏ô‡∏¢ ‡∏•‡∏¥‡∏Ç‡∏™‡∏¥‡∏ó‡∏ò‡∏¥‡πå‡πÅ‡∏ó‡πâ üêªüßà, ‡∏â‡∏≤‡∏Å/‡∏û‡∏£‡πá‡∏≠‡∏ö Butterbear","25186077476","https://shopee.co.th/-pre-order-%E2%9C%A8TOPTOY-Butterbear-Baking-Master-%E0%B8%81%E0%B8%A5%E0%B9%88%E0%B8%AD%E0%B8%87%E0%B8%AA%E0%B8%B8%E0%B9%88%E0%B8%A1-%E0%B8%AB%E0%B8%A1%E0%B8%B5%E0%B9%80%E0%B8%99%E0%B8%A2-%E0%B8%A5%E0%B8%B4%E0%B8%82%E0%B8%AA%E0%B8%B4%E0%B8%97%E0%B8%98%E0%B8%B4%E0%B9%8C%E0%B9%81%E0%B8%97%E0%B9%89-%F0%9F%90%BB%F0%9F%A7%88-i.19958842.25186077476","[pre-order] ‚ú®TOPTOY Butterbear Baking Master ‡∏Å‡∏•‡πà‡∏≠‡∏á‡∏™‡∏∏‡πà‡∏° ‡∏´‡∏°‡∏µ‡πÄ‡∏ô‡∏¢ ‡∏•‡∏¥‡∏Ç‡∏™‡∏¥‡∏ó‡∏ò‡∏¥‡πå‡πÅ‡∏ó‡πâ üêªüßà","https://down-bs-us.img.susercontent.com/th-11134207-7rasl-m0o6hmhvi8yg82.jpg","19958842","TH","2025-09-03T02:30:56.677Z"
"112569247","112567649","a*****n","Yes","17487739043","2024-10-26T10:53:47.000Z","‡∏ô‡πà‡∏≤‡∏£‡∏±‡∏Å‡∏ó‡∏µ‡πà‡∏™‡∏∏‡∏î","5","product_quality: 5
seller_service: 5
delivery_service: 5","","","[pre-order] ‚ú®TOPTOY Butterbear Baking Master ‡∏Å‡∏•‡πà‡∏≠‡∏á‡∏™‡∏∏‡πà‡∏° ‡∏´‡∏°‡∏µ‡πÄ‡∏ô‡∏¢ ‡∏•‡∏¥‡∏Ç‡∏™‡∏¥‡∏ó‡∏ò‡∏¥‡πå‡πÅ‡∏ó‡πâ üêªüßà","25186077476","https://shopee.co.th/-pre-order-%E2%9C%A8TOPTOY-Butterbear-Baking-Master-%E0%B8%81%E0%B8%A5%E0%B9%88%E0%B8%AD%E0%B8%87%E0%B8%AA%E0%B8%B8%E0%B9%88%E0%B8%A1-%E0%B8%AB%E0%B8%A1%E0%B8%B5%E0%B9%80%E0%B8%99%E0%B8%A2-%E0%B8%A5%E0%B8%B4%E0%B8%82%E0%B8%AA%E0%B8%B4%E0%B8%97%E0%B8%98%E0%B8%B4%E0%B9%8C%E0%B9%81%E0%B8%97%E0%B9%89-%F0%9F%90%BB%F0%9F%A7%88-i.19958842.25186077476","[pre-order] ‚ú®TOPTOY Butterbear Baking Master ‡∏Å‡∏•‡πà‡∏≠‡∏á‡∏™‡∏∏‡πà‡∏° ‡∏´‡∏°‡∏µ‡πÄ‡∏ô‡∏¢ ‡∏•‡∏¥‡∏Ç‡∏™‡∏¥‡∏ó‡∏ò‡∏¥‡πå‡πÅ‡∏ó‡πâ üêªüßà","https://down-bs-us.img.susercontent.com/th-11134207-7rasl-m0o6hmhvi8yg82.jpg","19958842","TH","2025-09-03T02:30:56.677Z"
"12597401","12596098","sszero","No","20203449786","2024-12-03T05:37:14.000Z","","5","product_quality: 5
seller_service: 5
delivery_service: 5","","","[pre-order] ‚ú®TOPTOY Butterbear Baking Master ‡∏Å‡∏•‡πà‡∏≠‡∏á‡∏™‡∏∏‡πà‡∏° ‡∏´‡∏°‡∏µ‡πÄ‡∏ô‡∏¢ ‡∏•‡∏¥‡∏Ç‡∏™‡∏¥‡∏ó‡∏ò‡∏¥‡πå‡πÅ‡∏ó‡πâ üêªüßà, Mini ‡∏â‡∏≤‡∏Å‡∏à‡∏¥‡πã‡∏ß","25186077476","https://shopee.co.th/-pre-order-%E2%9C%A8TOPTOY-Butterbear-Baking-Master-%E0%B8%81%E0%B8%A5%E0%B9%88%E0%B8%AD%E0%B8%87%E0%B8%AA%E0%B8%B8%E0%B9%88%E0%B8%A1-%E0%B8%AB%E0%B8%A1%E0%B8%B5%E0%B9%80%E0%B8%99%E0%B8%A2-%E0%B8%A5%E0%B8%B4%E0%B8%82%E0%B8%AA%E0%B8%B4%E0%B8%97%E0%B8%98%E0%B8%B4%E0%B9%8C%E0%B9%81%E0%B8%97%E0%B9%89-%F0%9F%90%BB%F0%9F%A7%88-i.19958842.25186077476","[pre-order] ‚ú®TOPTOY Butterbear Baking Master ‡∏Å‡∏•‡πà‡∏≠‡∏á‡∏™‡∏∏‡πà‡∏° ‡∏´‡∏°‡∏µ‡πÄ‡∏ô‡∏¢ ‡∏•‡∏¥‡∏Ç‡∏™‡∏¥‡∏ó‡∏ò‡∏¥‡πå‡πÅ‡∏ó‡πâ üêªüßà","https://down-bs-us.img.susercontent.com/th-11134207-7rasl-m0o6hmhvi8yg82.jpg","19958842","TH","2025-09-03T02:30:56.677Z"
"515112","514939","sirilaktanchanusan","No","19615087934","2024-11-24T15:02:46.000Z","","5","product_quality: 5","","","[pre-order] ‚ú®TOPTOY Butterbear Baking Master ‡∏Å‡∏•‡πà‡∏≠‡∏á‡∏™‡∏∏‡πà‡∏° ‡∏´‡∏°‡∏µ‡πÄ‡∏ô‡∏¢ ‡∏•‡∏¥‡∏Ç‡∏™‡∏¥‡∏ó‡∏ò‡∏¥‡πå‡πÅ‡∏ó‡πâ üêªüßà, ‡∏â‡∏≤‡∏Å/‡∏û‡∏£‡πá‡∏≠‡∏ö Butterbear","25186077476","https://shopee.co.th/-pre-order-%E2%9C%A8TOPTOY-Butterbear-Baking-Master-%E0%B8%81%E0%B8%A5%E0%B9%88%E0%B8%AD%E0%B8%87%E0%B8%AA%E0%B8%B8%E0%B9%88%E0%B8%A1-%E0%B8%AB%E0%B8%A1%E0%B8%B5%E0%B9%80%E0%B8%99%E0%B8%A2-%E0%B8%A5%E0%B8%B4%E0%B8%82%E0%B8%AA%E0%B8%B4%E0%B8%97%E0%B8%98%E0%B8%B4%E0%B9%8C%E0%B9%81%E0%B8%97%E0%B9%89-%F0%9F%90%BB%F0%9F%A7%88-i.19958842.25186077476","[pre-order] ‚ú®TOPTOY Butterbear Baking Master ‡∏Å‡∏•‡πà‡∏≠‡∏á‡∏™‡∏∏‡πà‡∏° ‡∏´‡∏°‡∏µ‡πÄ‡∏ô‡∏¢ ‡∏•‡∏¥‡∏Ç‡∏™‡∏¥‡∏ó‡∏ò‡∏¥‡πå‡πÅ‡∏ó‡πâ üêªüßà","https://down-bs-us.img.susercontent.com/th-11134207-7rasl-m0o6hmhvi8yg82.jpg","19958842","TH","2025-09-03T02:30:56.677Z"
"72419729","72418266","nutkrita.k","No","19197322718","2024-11-18T14:00:46.000Z","","5","product_quality: 5","","","[pre-order] ‚ú®TOPTOY Butterbear Baking Master ‡∏Å‡∏•‡πà‡∏≠‡∏á‡∏™‡∏∏‡πà‡∏° ‡∏´‡∏°‡∏µ‡πÄ‡∏ô‡∏¢ ‡∏•‡∏¥‡∏Ç‡∏™‡∏¥‡∏ó‡∏ò‡∏¥‡πå‡πÅ‡∏ó‡πâ üêªüßà, ‡∏â‡∏≤‡∏Å/‡∏û‡∏£‡πá‡∏≠‡∏ö Butterbear","25186077476","https://shopee.co.th/-pre-order-%E2%9C%A8TOPTOY-Butterbear-Baking-Master-%E0%B8%81%E0%B8%A5%E0%B9%88%E0%B8%AD%E0%B8%87%E0%B8%AA%E0%B8%B8%E0%B9%88%E0%B8%A1-%E0%B8%AB%E0%B8%A1%E0%B8%B5%E0%B9%80%E0%B8%99%E0%B8%A2-%E0%B8%A5%E0%B8%B4%E0%B8%82%E0%B8%AA%E0%B8%B4%E0%B8%97%E0%B8%98%E0%B8%B4%E0%B9%8C%E0%B9%81%E0%B8%97%E0%B9%89-%F0%9F%90%BB%F0%9F%A7%88-i.19958842.25186077476","[pre-order] ‚ú®TOPTOY Butterbear Baking Master ‡∏Å‡∏•‡πà‡∏≠‡∏á‡∏™‡∏∏‡πà‡∏° ‡∏´‡∏°‡∏µ‡πÄ‡∏ô‡∏¢ ‡∏•‡∏¥‡∏Ç‡∏™‡∏¥‡∏ó‡∏ò‡∏¥‡πå‡πÅ‡∏ó‡πâ üêªüßà","https://down-bs-us.img.susercontent.com/th-11134207-7rasl-m0o6hmhvi8yg82.jpg","19958842","TH","2025-09-03T02:30:56.677Z"
"971355238","971218309","lemarqueparfum","No","17512848969","2024-10-27T07:25:56.000Z","","5","product_quality: 5
seller_service: 5
delivery_service: 5","","","[pre-order] ‚ú®TOPTOY Butterbear Baking Master ‡∏Å‡∏•‡πà‡∏≠‡∏á‡∏™‡∏∏‡πà‡∏° ‡∏´‡∏°‡∏µ‡πÄ‡∏ô‡∏¢ ‡∏•‡∏¥‡∏Ç‡∏™‡∏¥‡∏ó‡∏ò‡∏¥‡πå‡πÅ‡∏ó‡πâ üêªüßà","25186077476","https://shopee.co.th/-pre-order-%E2%9C%A8TOPTOY-Butterbear-Baking-Master-%E0%B8%81%E0%B8%A5%E0%B9%88%E0%B8%AD%E0%B8%87%E0%B8%AA%E0%B8%B8%E0%B9%88%E0%B8%A1-%E0%B8%AB%E0%B8%A1%E0%B8%B5%E0%B9%80%E0%B8%99%E0%B8%A2-%E0%B8%A5%E0%B8%B4%E0%B8%82%E0%B8%AA%E0%B8%B4%E0%B8%97%E0%B8%98%E0%B8%B4%E0%B9%8C%E0%B9%81%E0%B8%97%E0%B9%89-%F0%9F%90%BB%F0%9F%A7%88-i.19958842.25186077476","[pre-order] ‚ú®TOPTOY Butterbear Baking Master ‡∏Å‡∏•‡πà‡∏≠‡∏á‡∏™‡∏∏‡πà‡∏° ‡∏´‡∏°‡∏µ‡πÄ‡∏ô‡∏¢ ‡∏•‡∏¥‡∏Ç‡∏™‡∏¥‡∏ó‡∏ò‡∏¥‡πå‡πÅ‡∏ó‡πâ üêªüßà","https://down-bs-us.img.susercontent.com/th-11134207-7rasl-m0o6hmhvi8yg82.jpg","19958842","TH","2025-09-03T02:31:05.298Z"